lag,match_type,lehrkraft_id,gruppe_id,teilnehmer_id,teacher_date,participant_time,teacher_dominante_dimension,participant_dominante_dimension,dominanz_match,teacher_dominante_dimension_wert,participant_dominante_dimension_wert,teacher_polaritaet_gesamt,participant_polaritaet_gesamt,polaritaet_match
0,same_or_following_session,12,0,12,2025-09-01,2025-10-23T15:31:28,kognition,methodik,0,0.48119322262245595,1.0,1,1,1
1,same_or_following_session,12,0,12,2025-09-01,2025-11-06T15:34:11,kognition,methodik,0,0.48119322262245595,1.0,1,1,1
2,same_or_following_session,12,0,12,2025-09-01,2025-11-06T15:34:29,kognition,sozial,0,0.48119322262245595,0.70952380952381,1,1,1
0,same_or_following_session,12,0,12,2025-09-15,2025-10-23T15:31:28,kognition,methodik,0,0.292847000948378,1.0,1,1,1
1,same_or_following_session,12,0,12,2025-09-15,2025-11-06T15:34:11,kognition,methodik,0,0.292847000948378,1.0,1,1,1
2,same_or_following_session,12,0,12,2025-09-15,2025-11-06T15:34:29,kognition,sozial,0,0.292847000948378,0.70952380952381,1,1,1
0,same_or_following_session,12,0,12,2025-09-22,2025-10-23T15:31:28,kognition,methodik,0,0.5136079078108124,1.0,1,1,1
1,same_or_following_session,12,0,12,2025-09-22,2025-11-06T15:34:11,kognition,methodik,0,0.5136079078108124,1.0,1,1,1
2,same_or_following_session,12,0,12,2025-09-22,2025-11-06T15:34:29,kognition,sozial,0,0.5136079078108124,0.70952380952381,1,1,1
0,same_or_following_session,12,0,12,2025-09-29,2025-10-23T15:31:28,performanz,methodik,0,0.540512310600422,1.0,1,1,1
1,same_or_following_session,12,0,12,2025-09-29,2025-11-06T15:34:11,performanz,methodik,0,0.540512310600422,1.0,1,1,1
2,same_or_following_session,12,0,12,2025-09-29,2025-11-06T15:34:29,performanz,sozial,0,0.540512310600422,0.70952380952381,1,1,1
0,same_or_following_session,12,0,12,2025-10-27,2025-11-06T15:34:11,kognition,methodik,0,0.40878028142398,1.0,1,1,1
1,same_or_following_session,12,0,12,2025-10-27,2025-11-06T15:34:29,kognition,sozial,0,0.40878028142398,0.70952380952381,1,1,1
0,same_or_following_session,12,0,12,2025-11-03,2025-11-06T15:34:11,kognition,methodik,0,0.5094034402443683,1.0,1,1,1
1,same_or_following_session,12,0,12,2025-11-03,2025-11-06T15:34:29,kognition,sozial,0,0.5094034402443683,0.70952380952381,1,1,1
0,same_or_following_session,22,0,17,2025-09-01,2025-10-23T15:31:28,kognition,methodik,0,0.307282715796692,1.0,1,1,1
1,same_or_following_session,22,0,17,2025-09-01,2025-11-06T15:34:11,kognition,methodik,0,0.307282715796692,1.0,1,1,1
2,same_or_following_session,22,0,17,2025-09-01,2025-11-06T15:34:29,kognition,sozial,0,0.307282715796692,0.70952380952381,1,1,1
0,same_or_following_session,22,0,17,2025-09-15,2025-10-23T15:31:28,kognition,methodik,0,0.5735306647365059,1.0,1,1,1
1,same_or_following_session,22,0,17,2025-09-15,2025-11-06T15:34:11,kognition,methodik,0,0.5735306647365059,1.0,1,1,1
2,same_or_following_session,22,0,17,2025-09-15,2025-11-06T15:34:29,kognition,sozial,0,0.5735306647365059,0.70952380952381,1,1,1
0,same_or_following_session,24,0,17,2025-10-20,2025-10-23T15:31:28,kognition,methodik,0,0.5770832637865401,1.0,1,1,1
1,same_or_following_session,24,0,17,2025-10-20,2025-11-06T15:34:11,kognition,methodik,0,0.5770832637865401,1.0,1,1,1
2,same_or_following_session,24,0,17,2025-10-20,2025-11-06T15:34:29,kognition,sozial,0,0.5770832637865401,0.70952380952381,1,1,1
0,same_or_following_session,12,0,17,2025-10-27,2025-11-06T15:34:11,regulation,methodik,0,0.3537859342651934,1.0,1,1,1
1,same_or_following_session,12,0,17,2025-10-27,2025-11-06T15:34:29,regulation,sozial,0,0.3537859342651934,0.70952380952381,1,1,1
0,same_or_following_session,21,0,17,2025-11-03,2025-11-06T15:34:11,performanz,methodik,0,0.482038207089358,1.0,1,1,1
1,same_or_following_session,21,0,17,2025-11-03,2025-11-06T15:34:29,performanz,sozial,0,0.482038207089358,0.70952380952381,1,1,1
0,same_or_following_session,19,0,18,2025-09-03,2025-10-23T15:31:28,performanz,methodik,0,0.49286760721452505,1.0,1,1,1
1,same_or_following_session,19,0,18,2025-09-03,2025-11-06T15:34:11,performanz,methodik,0,0.49286760721452505,1.0,1,1,1
2,same_or_following_session,19,0,18,2025-09-03,2025-11-06T15:34:29,performanz,sozial,0,0.49286760721452505,0.70952380952381,1,1,1
0,same_or_following_session,19,0,18,2025-09-10,2025-10-23T15:31:28,kognition,methodik,0,0.5419861361768925,1.0,1,1,1
1,same_or_following_session,19,0,18,2025-09-10,2025-11-06T15:34:11,kognition,methodik,0,0.5419861361768925,1.0,1,1,1
2,same_or_following_session,19,0,18,2025-09-10,2025-11-06T15:34:29,kognition,sozial,0,0.5419861361768925,0.70952380952381,1,1,1
0,same_or_following_session,19,0,18,2025-09-17,2025-10-23T15:31:28,kognition,methodik,0,0.25796472575018503,1.0,1,1,1
1,same_or_following_session,19,0,18,2025-09-17,2025-11-06T15:34:11,kognition,methodik,0,0.25796472575018503,1.0,1,1,1
2,same_or_following_session,19,0,18,2025-09-17,2025-11-06T15:34:29,kognition,sozial,0,0.25796472575018503,0.70952380952381,1,1,1
0,same_or_following_session,19,0,18,2025-09-24,2025-10-23T15:31:28,regulation,methodik,0,0.4406776795803975,1.0,1,1,1
1,same_or_following_session,19,0,18,2025-09-24,2025-11-06T15:34:11,regulation,methodik,0,0.4406776795803975,1.0,1,1,1
2,same_or_following_session,19,0,18,2025-09-24,2025-11-06T15:34:29,regulation,sozial,0,0.4406776795803975,0.70952380952381,1,1,1
0,same_or_following_session,19,0,18,2025-10-01,2025-10-23T15:31:28,kognition,methodik,0,0.5133658295859725,1.0,1,1,1
1,same_or_following_session,19,0,18,2025-10-01,2025-11-06T15:34:11,kognition,methodik,0,0.5133658295859725,1.0,1,1,1
2,same_or_following_session,19,0,18,2025-10-01,2025-11-06T15:34:29,kognition,sozial,0,0.5133658295859725,0.70952380952381,1,1,1
0,same_or_following_session,19,0,18,2025-10-29,2025-11-06T15:34:11,kognition,methodik,0,0.48227651679458,1.0,1,1,1
1,same_or_following_session,19,0,18,2025-10-29,2025-11-06T15:34:29,kognition,sozial,0,0.48227651679458,0.70952380952381,1,1,1
0,same_or_following_session,19,0,18,2025-11-05,2025-11-06T15:34:11,regulation,methodik,0,0.460053562025474,1.0,1,1,1
1,same_or_following_session,19,0,18,2025-11-05,2025-11-06T15:34:29,regulation,sozial,0,0.460053562025474,0.70952380952381,1,1,1
0,same_or_following_session,19,0,4,2025-09-16,2025-10-23T15:31:28,kognition,methodik,0,0.49033699465167996,1.0,1,1,1
1,same_or_following_session,19,0,4,2025-09-16,2025-11-06T15:34:11,kognition,methodik,0,0.49033699465167996,1.0,1,1,1
2,same_or_following_session,19,0,4,2025-09-16,2025-11-06T15:34:29,kognition,sozial,0,0.49033699465167996,0.70952380952381,1,1,1
0,same_or_following_session,30,0,40,2025-11-04,2025-11-06T15:34:11,kognition,methodik,0,0.4863714284398533,1.0,1,1,1
1,same_or_following_session,30,0,40,2025-11-04,2025-11-06T15:34:29,kognition,sozial,0,0.4863714284398533,0.70952380952381,1,1,1
0,same_or_following_session,18,0,47,2025-10-30,2025-11-06T15:34:11,kognition,methodik,0,0.531010139603668,1.0,1,1,1
1,same_or_following_session,18,0,47,2025-10-30,2025-11-06T15:34:29,kognition,sozial,0,0.531010139603668,0.70952380952381,1,1,1
0,same_or_following_session,21,0,47,2025-11-03,2025-11-06T15:34:11,kognition,methodik,0,0.32720146269462397,1.0,1,1,1
1,same_or_following_session,21,0,47,2025-11-03,2025-11-06T15:34:29,kognition,sozial,0,0.32720146269462397,0.70952380952381,1,1,1
0,same_or_following_session,19,0,6,2025-09-30,2025-10-23T15:31:28,regulation,methodik,0,0.3536284694136234,1.0,1,1,1
1,same_or_following_session,19,0,6,2025-09-30,2025-11-06T15:34:11,regulation,methodik,0,0.3536284694136234,1.0,1,1,1
2,same_or_following_session,19,0,6,2025-09-30,2025-11-06T15:34:29,regulation,sozial,0,0.3536284694136234,0.70952380952381,1,1,1
0,same_or_following_session,19,0,6,2025-10-28,2025-11-06T15:34:11,kognition,methodik,0,0.501714625430158,1.0,1,1,1
1,same_or_following_session,19,0,6,2025-10-28,2025-11-06T15:34:29,kognition,sozial,0,0.501714625430158,0.70952380952381,1,1,1
0,same_or_following_session,19,0,6,2025-11-04,2025-11-06T15:34:11,kognition,methodik,0,0.5837887266188125,1.0,1,1,1
1,same_or_following_session,19,0,6,2025-11-04,2025-11-06T15:34:29,kognition,sozial,0,0.5837887266188125,0.70952380952381,1,1,1
0,same_or_following_session,18,0,8,2025-09-11,2025-10-23T15:31:28,kognition,methodik,0,0.511885499235222,1.0,1,1,1
1,same_or_following_session,18,0,8,2025-09-11,2025-11-06T15:34:11,kognition,methodik,0,0.511885499235222,1.0,1,1,1
2,same_or_following_session,18,0,8,2025-09-11,2025-11-06T15:34:29,kognition,sozial,0,0.511885499235222,0.70952380952381,1,1,1
0,same_or_following_session,20,0,8,2025-09-18,2025-10-23T15:31:28,performanz,methodik,0,0.45318028662877996,1.0,1,1,1
1,same_or_following_session,20,0,8,2025-09-18,2025-11-06T15:34:11,performanz,methodik,0,0.45318028662877996,1.0,1,1,1
2,same_or_following_session,20,0,8,2025-09-18,2025-11-06T15:34:29,performanz,sozial,0,0.45318028662877996,0.70952380952381,1,1,1
0,same_or_following_session,18,0,8,2025-09-25,2025-10-23T15:31:28,kognition,methodik,0,0.352891143057652,1.0,1,1,1
1,same_or_following_session,18,0,8,2025-09-25,2025-11-06T15:34:11,kognition,methodik,0,0.352891143057652,1.0,1,1,1
2,same_or_following_session,18,0,8,2025-09-25,2025-11-06T15:34:29,kognition,sozial,0,0.352891143057652,0.70952380952381,1,1,1
0,same_or_following_session,18,0,8,2025-10-02,2025-10-23T15:31:28,kognition,methodik,0,0.5181510385243366,1.0,1,1,1
1,same_or_following_session,18,0,8,2025-10-02,2025-11-06T15:34:11,kognition,methodik,0,0.5181510385243366,1.0,1,1,1
2,same_or_following_session,18,0,8,2025-10-02,2025-11-06T15:34:29,kognition,sozial,0,0.5181510385243366,0.70952380952381,1,1,1
0,same_or_following_session,18,0,8,2025-10-09,2025-10-23T15:31:28,performanz,methodik,0,0.509702528899775,1.0,1,1,1
1,same_or_following_session,18,0,8,2025-10-09,2025-11-06T15:34:11,performanz,methodik,0,0.509702528899775,1.0,1,1,1
2,same_or_following_session,18,0,8,2025-10-09,2025-11-06T15:34:29,performanz,sozial,0,0.509702528899775,0.70952380952381,1,1,1
0,same_or_following_session,18,0,8,2025-10-23,2025-10-23T15:31:28,performanz,methodik,0,0.49496881975663665,1.0,1,1,1
1,same_or_following_session,18,0,8,2025-10-23,2025-11-06T15:34:11,performanz,methodik,0,0.49496881975663665,1.0,1,1,1
2,same_or_following_session,18,0,8,2025-10-23,2025-11-06T15:34:29,performanz,sozial,0,0.49496881975663665,0.70952380952381,1,1,1
0,same_or_following_session,18,0,8,2025-10-30,2025-11-06T15:34:11,kognition,methodik,0,0.6005605737316734,1.0,1,1,1
1,same_or_following_session,18,0,8,2025-10-30,2025-11-06T15:34:29,kognition,sozial,0,0.6005605737316734,0.70952380952381,1,1,1
0,same_or_following_session,18,0,8,2025-11-06,2025-11-06T15:34:11,kognition,methodik,0,0.5444136699518867,1.0,1,1,1
1,same_or_following_session,18,0,8,2025-11-06,2025-11-06T15:34:29,kognition,sozial,0,0.5444136699518867,0.70952380952381,1,1,1
0,same_or_following_session,23,1,16,2026-01-13,2026-01-19T15:35:00,performanz,sozial,0,0.507115387365345,0.69473684210526,1,1,1
1,same_or_following_session,23,1,16,2026-01-13,2026-01-19T15:35:00,performanz,sozial,0,0.507115387365345,0.96521739130435,1,1,1
2,same_or_following_session,23,1,16,2026-01-13,2026-02-02T15:35:00,performanz,affektiv,0,0.507115387365345,0.75962162162162,1,1,1
3,same_or_following_session,23,1,16,2026-01-13,2026-02-02T15:35:00,performanz,methodik,0,0.507115387365345,0.82105263157895,1,1,1
0,same_or_following_session,23,1,16,2026-01-20,2026-02-02T15:35:00,kognition,affektiv,0,0.80142126806034,0.75962162162162,1,1,1
1,same_or_following_session,23,1,16,2026-01-20,2026-02-02T15:35:00,kognition,methodik,0,0.80142126806034,0.82105263157895,1,1,1
2,same_or_following_session,23,1,16,2026-01-20,2026-02-02T15:35:00,kognition,methodik,0,0.80142126806034,0.67368421052632,1,1,1
0,same_or_following_session,12,1,2,2025-10-13,2025-10-20T15:35:00,performanz,kognition,0,0.5168498146454134,0.88936170212766,1,1,1
1,same_or_following_session,12,1,2,2025-10-13,2025-11-03T15:35:00,performanz,sozial,0,0.5168498146454134,0.80190476190476,1,1,1
2,same_or_following_session,12,1,2,2025-10-13,2025-11-10T15:35:00,performanz,sozial,0,0.5168498146454134,0.8,1,1,1
3,same_or_following_session,12,1,2,2025-10-13,2025-11-17T15:35:00,performanz,methodik,0,0.5168498146454134,0.71578947368421,1,1,1
0,same_or_following_session,19,1,3,2026-01-06,2026-01-12T15:35:00,kognition,methodik,0,0.535528727002618,0.92631578947368,1,1,1
1,same_or_following_session,19,1,3,2026-01-06,2026-01-19T15:35:00,kognition,sozial,0,0.535528727002618,0.69473684210526,1,1,1
2,same_or_following_session,19,1,3,2026-01-06,2026-01-19T15:35:00,kognition,sozial,0,0.535528727002618,0.96521739130435,1,1,1
3,same_or_following_session,19,1,3,2026-01-06,2026-02-02T15:35:00,kognition,affektiv,0,0.535528727002618,0.75962162162162,1,1,1
0,same_or_following_session,19,1,3,2026-01-13,2026-01-19T15:35:00,kognition,sozial,0,0.45096103050008,0.69473684210526,1,1,1
1,same_or_following_session,19,1,3,2026-01-13,2026-01-19T15:35:00,kognition,sozial,0,0.45096103050008,0.96521739130435,1,1,1
2,same_or_following_session,19,1,3,2026-01-13,2026-02-02T15:35:00,kognition,affektiv,0,0.45096103050008,0.75962162162162,1,1,1
3,same_or_following_session,19,1,3,2026-01-13,2026-02-02T15:35:00,kognition,methodik,0,0.45096103050008,0.82105263157895,1,1,1
0,same_or_following_session,19,1,3,2026-01-27,2026-02-02T15:35:00,kognition,affektiv,0,0.4607052227900475,0.75962162162162,1,1,1
1,same_or_following_session,19,1,3,2026-01-27,2026-02-02T15:35:00,kognition,methodik,0,0.4607052227900475,0.82105263157895,1,1,1
2,same_or_following_session,19,1,3,2026-01-27,2026-02-02T15:35:00,kognition,methodik,0,0.4607052227900475,0.67368421052632,1,1,1
0,same_or_following_session,12,1,43,2025-12-15,2026-01-12T15:35:00,kognition,methodik,0,0.4846731561336525,0.92631578947368,1,1,1
1,same_or_following_session,12,1,43,2025-12-15,2026-01-19T15:35:00,kognition,sozial,0,0.4846731561336525,0.96521739130435,1,1,1
2,same_or_following_session,12,1,43,2025-12-15,2026-02-02T15:35:00,kognition,methodik,0,0.4846731561336525,0.82105263157895,1,1,1
0,same_or_following_session,24,1,43,2026-01-05,2026-01-12T15:35:00,kognition,methodik,0,0.49679153612579,0.92631578947368,1,1,1
1,same_or_following_session,24,1,43,2026-01-05,2026-01-19T15:35:00,kognition,sozial,0,0.49679153612579,0.96521739130435,1,1,1
2,same_or_following_session,24,1,43,2026-01-05,2026-02-02T15:35:00,kognition,methodik,0,0.49679153612579,0.82105263157895,1,1,1
0,same_or_following_session,12,1,43,2026-01-26,2026-02-02T15:35:00,kognition,methodik,0,0.498720556580065,0.82105263157895,1,1,1
0,same_or_following_session,19,2,16,2025-12-15,2026-02-02T17:10:00,kognition,methodik,0,0.498168692759062,1.0,1,1,1
0,same_or_following_session,23,2,5,2026-01-06,2026-02-02T17:10:00,kognition,methodik,0,0.3542100757897233,1.0,1,1,1
1,same_or_following_session,23,2,5,2026-01-06,2026-02-02T17:10:00,kognition,sozial,0,0.3542100757897233,1.0,1,1,1
0,same_or_following_session,18,2,8,2025-12-16,2026-02-02T17:10:00,performanz,methodik,0,0.5466621234646599,1.0,1,1,1
1,same_or_following_session,18,2,8,2025-12-16,2026-02-02T17:10:00,performanz,sozial,0,0.5466621234646599,1.0,1,1,1
0,same_or_following_session,25,2,8,2025-12-23,2026-02-02T17:10:00,kognition,methodik,0,0.48431352197139,1.0,1,1,1
1,same_or_following_session,25,2,8,2025-12-23,2026-02-02T17:10:00,kognition,sozial,0,0.48431352197139,1.0,1,1,1
0,same_or_following_session,23,2,8,2026-01-06,2026-02-02T17:10:00,kognition,methodik,0,0.49685538692007397,1.0,1,1,1
1,same_or_following_session,23,2,8,2026-01-06,2026-02-02T17:10:00,kognition,sozial,0,0.49685538692007397,1.0,1,1,1
0,same_or_following_session,23,2,8,2026-01-13,2026-02-02T17:10:00,regulation,methodik,0,0.4975710406403925,1.0,1,1,1
1,same_or_following_session,23,2,8,2026-01-13,2026-02-02T17:10:00,regulation,sozial,0,0.4975710406403925,1.0,1,1,1
0,same_or_following_session,23,2,8,2026-01-20,2026-02-02T17:10:00,performanz,methodik,0,0.5477588991296366,1.0,1,1,1
1,same_or_following_session,23,2,8,2026-01-20,2026-02-02T17:10:00,performanz,sozial,0,0.5477588991296366,1.0,1,1,1
0,same_or_following_session,23,2,8,2026-01-27,2026-02-02T17:10:00,performanz,methodik,0,0.49844621730787003,1.0,1,1,1
1,same_or_following_session,23,2,8,2026-01-27,2026-02-02T17:10:00,performanz,sozial,0,0.49844621730787003,1.0,1,1,1
0,same_or_following_session,18,2,9,2025-12-16,2026-02-02T17:10:00,performanz,methodik,0,0.483397275887074,1.0,1,1,1
1,same_or_following_session,18,2,9,2025-12-16,2026-02-02T17:10:00,performanz,sozial,0,0.483397275887074,1.0,1,1,1
0,same_or_following_session,25,2,9,2025-12-23,2026-02-02T17:10:00,kognition,methodik,0,0.5784877388758267,1.0,1,1,1
1,same_or_following_session,25,2,9,2025-12-23,2026-02-02T17:10:00,kognition,sozial,0,0.5784877388758267,1.0,1,1,1
0,same_or_following_session,23,2,9,2026-01-06,2026-02-02T17:10:00,regulation,methodik,0,0.47787376390051,1.0,1,1,1
1,same_or_following_session,23,2,9,2026-01-06,2026-02-02T17:10:00,regulation,sozial,0,0.47787376390051,1.0,1,1,1
0,same_or_following_session,23,2,9,2026-01-13,2026-02-02T17:10:00,kognition,methodik,0,0.5182535677036625,1.0,1,1,1
1,same_or_following_session,23,2,9,2026-01-13,2026-02-02T17:10:00,kognition,sozial,0,0.5182535677036625,1.0,1,1,1
0,same_or_following_session,23,2,9,2026-01-20,2026-02-02T17:10:00,kognition,methodik,0,0.5753938121626166,1.0,1,1,1
1,same_or_following_session,23,2,9,2026-01-20,2026-02-02T17:10:00,kognition,sozial,0,0.5753938121626166,1.0,1,1,1
0,same_or_following_session,23,2,9,2026-01-27,2026-02-02T17:10:00,kognition,methodik,0,0.52244814415856,1.0,1,1,1
1,same_or_following_session,23,2,9,2026-01-27,2026-02-02T17:10:00,kognition,sozial,0,0.52244814415856,1.0,1,1,1
0,same_or_following_session,23,4,12,2025-12-17,2026-02-03T17:10:00,kognition,methodik,0,0.5065287395061875,0.89473684210526,1,1,1
1,same_or_following_session,23,4,12,2025-12-17,2026-02-03T17:10:00,kognition,sozial,0,0.5065287395061875,0.85925925925926,1,1,1
2,same_or_following_session,23,4,12,2025-12-17,2026-02-03T17:10:00,kognition,methodik,0,0.5065287395061875,0.89473684210526,1,1,1
3,same_or_following_session,23,4,12,2025-12-17,2026-02-03T18:29:55,kognition,affektiv,0,0.5065287395061875,0.73785185185185,1,1,1
0,same_or_following_session,23,4,12,2026-01-07,2026-02-03T17:10:00,kognition,methodik,0,0.46355252848545003,0.89473684210526,1,1,1
1,same_or_following_session,23,4,12,2026-01-07,2026-02-03T17:10:00,kognition,sozial,0,0.46355252848545003,0.85925925925926,1,1,1
2,same_or_following_session,23,4,12,2026-01-07,2026-02-03T17:10:00,kognition,methodik,0,0.46355252848545003,0.89473684210526,1,1,1
3,same_or_following_session,23,4,12,2026-01-07,2026-02-03T18:29:55,kognition,affektiv,0,0.46355252848545003,0.73785185185185,1,1,1
0,same_or_following_session,23,4,12,2026-01-07,2026-02-03T17:10:00,kognition,methodik,0,0.4616107827701634,0.89473684210526,1,1,1
1,same_or_following_session,23,4,12,2026-01-07,2026-02-03T17:10:00,kognition,sozial,0,0.4616107827701634,0.85925925925926,1,1,1
2,same_or_following_session,23,4,12,2026-01-07,2026-02-03T17:10:00,kognition,methodik,0,0.4616107827701634,0.89473684210526,1,1,1
3,same_or_following_session,23,4,12,2026-01-07,2026-02-03T18:29:55,kognition,affektiv,0,0.4616107827701634,0.73785185185185,1,1,1
0,same_or_following_session,23,4,12,2026-01-14,2026-02-03T17:10:00,performanz,methodik,0,0.4960353515984075,0.89473684210526,1,1,1
1,same_or_following_session,23,4,12,2026-01-14,2026-02-03T17:10:00,performanz,sozial,0,0.4960353515984075,0.85925925925926,1,1,1
2,same_or_following_session,23,4,12,2026-01-14,2026-02-03T17:10:00,performanz,methodik,0,0.4960353515984075,0.89473684210526,1,1,1
3,same_or_following_session,23,4,12,2026-01-14,2026-02-03T18:29:55,performanz,affektiv,0,0.4960353515984075,0.73785185185185,1,1,1
0,same_or_following_session,23,4,12,2026-01-21,2026-02-03T17:10:00,kognition,methodik,0,0.47569560529507404,0.89473684210526,1,1,1
1,same_or_following_session,23,4,12,2026-01-21,2026-02-03T17:10:00,kognition,sozial,0,0.47569560529507404,0.85925925925926,1,1,1
2,same_or_following_session,23,4,12,2026-01-21,2026-02-03T17:10:00,kognition,methodik,0,0.47569560529507404,0.89473684210526,1,1,1
3,same_or_following_session,23,4,12,2026-01-21,2026-02-03T18:29:55,kognition,affektiv,0,0.47569560529507404,0.73785185185185,1,1,1
0,same_or_following_session,23,4,12,2026-01-28,2026-02-03T17:10:00,performanz,methodik,0,0.4628114503325125,0.89473684210526,1,1,1
1,same_or_following_session,23,4,12,2026-01-28,2026-02-03T17:10:00,performanz,sozial,0,0.4628114503325125,0.85925925925926,1,1,1
2,same_or_following_session,23,4,12,2026-01-28,2026-02-03T17:10:00,performanz,methodik,0,0.4628114503325125,0.89473684210526,1,1,1
3,same_or_following_session,23,4,12,2026-01-28,2026-02-03T18:29:55,performanz,affektiv,0,0.4628114503325125,0.73785185185185,1,1,1
0,same_or_following_session,23,4,14,2025-12-17,2026-02-03T17:10:00,kognition,methodik,0,0.50278045910237,0.89473684210526,1,1,1
1,same_or_following_session,23,4,14,2025-12-17,2026-02-03T17:10:00,kognition,sozial,0,0.50278045910237,0.85925925925926,1,1,1
2,same_or_following_session,23,4,14,2025-12-17,2026-02-03T17:10:00,kognition,methodik,0,0.50278045910237,0.89473684210526,1,1,1
3,same_or_following_session,23,4,14,2025-12-17,2026-02-03T18:29:55,kognition,affektiv,0,0.50278045910237,0.73785185185185,1,1,1
0,same_or_following_session,23,4,14,2026-01-07,2026-02-03T17:10:00,kognition,methodik,0,0.43643549419962796,0.89473684210526,1,1,1
1,same_or_following_session,23,4,14,2026-01-07,2026-02-03T17:10:00,kognition,sozial,0,0.43643549419962796,0.85925925925926,1,1,1
2,same_or_following_session,23,4,14,2026-01-07,2026-02-03T17:10:00,kognition,methodik,0,0.43643549419962796,0.89473684210526,1,1,1
3,same_or_following_session,23,4,14,2026-01-07,2026-02-03T18:29:55,kognition,affektiv,0,0.43643549419962796,0.73785185185185,1,1,1
0,same_or_following_session,23,5,10,2026-01-08,2026-02-04T15:35:00,regulation,methodik,0,0.48711258683082753,1.0,1,1,1
0,same_or_following_session,23,5,10,2026-01-22,2026-02-04T15:35:00,kognition,methodik,0,0.291673663031,1.0,1,1,1
0,same_or_following_session,23,5,10,2026-01-29,2026-02-04T15:35:00,performanz,methodik,0,0.30944948300202,1.0,1,1,1
0,same_or_following_session,18,5,15,2025-10-09,2025-10-22T15:35:00,kognition,methodik,0,0.5214103434438875,0.6,1,1,1
1,same_or_following_session,18,5,15,2025-10-09,2025-10-29T15:35:00,kognition,methodik,0,0.5214103434438875,0.52631578947368,1,1,1
2,same_or_following_session,18,5,15,2025-10-09,2025-10-29T15:35:00,kognition,methodik,0,0.5214103434438875,0.6,1,1,1
3,same_or_following_session,18,5,15,2025-10-09,2025-10-29T15:35:00,kognition,performanz,0,0.5214103434438875,0.83255813953488,1,1,1
0,same_or_following_session,23,5,15,2026-01-08,2026-01-21T15:35:00,kognition,affektiv,0,0.47071351623136337,0.68542164179104,1,1,1
1,same_or_following_session,23,5,15,2026-01-08,2026-01-21T15:35:00,kognition,sozial,0,0.47071351623136337,0.72380952380952,1,1,1
2,same_or_following_session,23,5,15,2026-01-08,2026-01-21T15:35:00,kognition,sozial,0,0.47071351623136337,0.8904347826087,1,1,1
3,same_or_following_session,23,5,15,2026-01-08,2026-02-04T15:35:00,kognition,affektiv,0,0.47071351623136337,0.66644776119403,1,1,1
0,same_or_following_session,23,5,15,2026-01-15,2026-01-21T15:35:00,performanz,affektiv,0,0.51263704547891,0.68542164179104,1,1,1
1,same_or_following_session,23,5,15,2026-01-15,2026-01-21T15:35:00,performanz,sozial,0,0.51263704547891,0.72380952380952,1,1,1
2,same_or_following_session,23,5,15,2026-01-15,2026-01-21T15:35:00,performanz,sozial,0,0.51263704547891,0.8904347826087,1,1,1
3,same_or_following_session,23,5,15,2026-01-15,2026-02-04T15:35:00,performanz,affektiv,0,0.51263704547891,0.66644776119403,1,1,1
0,same_or_following_session,23,5,15,2026-01-22,2026-02-04T15:35:00,regulation,affektiv,0,0.5159792706813076,0.66644776119403,1,1,1
1,same_or_following_session,23,5,15,2026-01-22,2026-02-04T15:35:00,regulation,methodik,0,0.5159792706813076,0.82105263157895,1,1,1
2,same_or_following_session,23,5,15,2026-01-22,2026-02-04T15:35:00,regulation,kognition,0,0.5159792706813076,0.57446808510638,1,1,1
3,same_or_following_session,23,5,15,2026-01-22,2026-02-04T15:35:00,regulation,methodik,0,0.5159792706813076,1.0,1,1,1
0,same_or_following_session,23,5,15,2026-01-29,2026-02-04T15:35:00,kognition,affektiv,0,0.376211456525968,0.66644776119403,1,1,1
1,same_or_following_session,23,5,15,2026-01-29,2026-02-04T15:35:00,kognition,methodik,0,0.376211456525968,0.82105263157895,1,1,1
2,same_or_following_session,23,5,15,2026-01-29,2026-02-04T15:35:00,kognition,kognition,1,0.376211456525968,0.57446808510638,1,1,1
3,same_or_following_session,23,5,15,2026-01-29,2026-02-04T15:35:00,kognition,methodik,0,0.376211456525968,1.0,1,1,1
0,same_or_following_session,23,5,9,2025-12-18,2026-01-21T15:35:00,kognition,affektiv,0,0.5193190694275625,0.68542164179104,1,1,1
1,same_or_following_session,23,5,9,2025-12-18,2026-01-21T15:35:00,kognition,sozial,0,0.5193190694275625,0.72380952380952,1,1,1
2,same_or_following_session,23,5,9,2025-12-18,2026-01-21T15:35:00,kognition,sozial,0,0.5193190694275625,0.8904347826087,1,1,1
3,same_or_following_session,23,5,9,2025-12-18,2026-02-04T15:35:00,kognition,affektiv,0,0.5193190694275625,0.66644776119403,1,1,1
0,same_or_following_session,23,5,9,2026-01-08,2026-01-21T15:35:00,kognition,affektiv,0,0.4794198724606925,0.68542164179104,1,1,1
1,same_or_following_session,23,5,9,2026-01-08,2026-01-21T15:35:00,kognition,sozial,0,0.4794198724606925,0.72380952380952,1,1,1
2,same_or_following_session,23,5,9,2026-01-08,2026-01-21T15:35:00,kognition,sozial,0,0.4794198724606925,0.8904347826087,1,1,1
3,same_or_following_session,23,5,9,2026-01-08,2026-02-04T15:35:00,kognition,affektiv,0,0.4794198724606925,0.66644776119403,1,1,1
0,same_or_following_session,23,5,9,2026-01-15,2026-01-21T15:35:00,kognition,affektiv,0,0.4707153094633125,0.68542164179104,1,1,1
1,same_or_following_session,23,5,9,2026-01-15,2026-01-21T15:35:00,kognition,sozial,0,0.4707153094633125,0.72380952380952,1,1,1
2,same_or_following_session,23,5,9,2026-01-15,2026-01-21T15:35:00,kognition,sozial,0,0.4707153094633125,0.8904347826087,1,1,1
3,same_or_following_session,23,5,9,2026-01-15,2026-02-04T15:35:00,kognition,affektiv,0,0.4707153094633125,0.66644776119403,1,1,1
0,same_or_following_session,23,5,9,2026-01-22,2026-02-04T15:35:00,performanz,affektiv,0,0.492043798557368,0.66644776119403,1,1,1
1,same_or_following_session,23,5,9,2026-01-22,2026-02-04T15:35:00,performanz,methodik,0,0.492043798557368,0.82105263157895,1,1,1
2,same_or_following_session,23,5,9,2026-01-22,2026-02-04T15:35:00,performanz,kognition,0,0.492043798557368,0.57446808510638,1,1,1
3,same_or_following_session,23,5,9,2026-01-22,2026-02-04T15:35:00,performanz,methodik,0,0.492043798557368,1.0,1,1,1
0,same_or_following_session,23,5,9,2026-01-29,2026-02-04T15:35:00,performanz,affektiv,0,0.50866046861726,0.66644776119403,1,1,1
1,same_or_following_session,23,5,9,2026-01-29,2026-02-04T15:35:00,performanz,methodik,0,0.50866046861726,0.82105263157895,1,1,1
2,same_or_following_session,23,5,9,2026-01-29,2026-02-04T15:35:00,performanz,kognition,0,0.50866046861726,0.57446808510638,1,1,1
3,same_or_following_session,23,5,9,2026-01-29,2026-02-04T15:35:00,performanz,methodik,0,0.50866046861726,1.0,1,1,1
0,same_or_following_session,18,6,18,2025-10-16,2025-10-22T17:10:00,kognition,methodik,0,0.513496483173065,0.88421052631579,1,1,1
1,same_or_following_session,18,6,18,2025-10-16,2025-10-22T17:10:00,kognition,kognition,1,0.513496483173065,0.70212765957447,1,1,1
2,same_or_following_session,18,6,18,2025-10-16,2025-10-22T17:10:00,kognition,methodik,0,0.513496483173065,1.0,1,1,1
3,same_or_following_session,18,6,18,2025-10-16,2025-10-29T17:10:00,kognition,regulation,0,0.513496483173065,0.88894736842105,1,1,1
0,same_or_following_session,18,6,19,2025-10-09,2025-10-22T17:10:00,kognition,methodik,0,0.49375827364266806,0.88421052631579,1,1,1
1,same_or_following_session,18,6,19,2025-10-09,2025-10-22T17:10:00,kognition,kognition,1,0.49375827364266806,0.70212765957447,1,1,1
2,same_or_following_session,18,6,19,2025-10-09,2025-10-22T17:10:00,kognition,methodik,0,0.49375827364266806,1.0,1,1,1
3,same_or_following_session,18,6,19,2025-10-09,2025-10-29T17:10:00,kognition,regulation,0,0.49375827364266806,0.88894736842105,1,1,1
0,same_or_following_session,18,6,19,2025-10-16,2025-10-22T17:10:00,kognition,methodik,0,0.23418342556187333,0.88421052631579,1,1,1
1,same_or_following_session,18,6,19,2025-10-16,2025-10-22T17:10:00,kognition,kognition,1,0.23418342556187333,0.70212765957447,1,1,1
2,same_or_following_session,18,6,19,2025-10-16,2025-10-22T17:10:00,kognition,methodik,0,0.23418342556187333,1.0,1,1,1
3,same_or_following_session,18,6,19,2025-10-16,2025-10-29T17:10:00,kognition,regulation,0,0.23418342556187333,0.88894736842105,1,1,1
0,same_or_following_session,18,6,22,2025-09-11,2025-09-24T17:10:00,kognition,methodik,0,0.5212399631253299,0.88421052631579,1,1,1
1,same_or_following_session,18,6,22,2025-09-11,2025-10-01T17:10:00,kognition,methodik,0,0.5212399631253299,1.0,1,1,1
2,same_or_following_session,18,6,22,2025-09-11,2025-10-22T17:10:00,kognition,methodik,0,0.5212399631253299,1.0,1,1,1
3,same_or_following_session,18,6,22,2025-09-11,2025-10-29T17:10:00,kognition,methodik,0,0.5212399631253299,1.0,1,1,1
0,same_or_following_session,20,6,22,2025-09-18,2025-09-24T17:10:00,kognition,methodik,0,0.5117425244695201,0.88421052631579,1,1,1
1,same_or_following_session,20,6,22,2025-09-18,2025-10-01T17:10:00,kognition,methodik,0,0.5117425244695201,1.0,1,1,1
2,same_or_following_session,20,6,22,2025-09-18,2025-10-22T17:10:00,kognition,methodik,0,0.5117425244695201,1.0,1,1,1
3,same_or_following_session,20,6,22,2025-09-18,2025-10-29T17:10:00,kognition,methodik,0,0.5117425244695201,1.0,1,1,1
0,same_or_following_session,18,6,22,2025-09-25,2025-10-01T17:10:00,kognition,methodik,0,0.450599904038135,1.0,1,1,1
1,same_or_following_session,18,6,22,2025-09-25,2025-10-22T17:10:00,kognition,methodik,0,0.450599904038135,1.0,1,1,1
2,same_or_following_session,18,6,22,2025-09-25,2025-10-29T17:10:00,kognition,methodik,0,0.450599904038135,1.0,1,1,1
3,same_or_following_session,18,6,22,2025-09-25,2025-11-12T17:10:00,kognition,methodik,0,0.450599904038135,1.0,1,1,1
0,same_or_following_session,18,6,22,2025-10-02,2025-10-22T17:10:00,kognition,methodik,0,0.47191393183509406,1.0,1,1,1
1,same_or_following_session,18,6,22,2025-10-02,2025-10-29T17:10:00,kognition,methodik,0,0.47191393183509406,1.0,1,1,1
2,same_or_following_session,18,6,22,2025-10-02,2025-11-12T17:10:00,kognition,methodik,0,0.47191393183509406,1.0,1,1,1
3,same_or_following_session,18,6,22,2025-10-02,2025-11-26T17:10:00,kognition,methodik,0,0.47191393183509406,0.6,1,1,1
0,same_or_following_session,18,6,22,2025-10-09,2025-10-22T17:10:00,performanz,methodik,0,0.484574248273146,1.0,1,1,1
1,same_or_following_session,18,6,22,2025-10-09,2025-10-29T17:10:00,performanz,methodik,0,0.484574248273146,1.0,1,1,1
2,same_or_following_session,18,6,22,2025-10-09,2025-11-12T17:10:00,performanz,methodik,0,0.484574248273146,1.0,1,1,1
3,same_or_following_session,18,6,22,2025-10-09,2025-11-26T17:10:00,performanz,methodik,0,0.484574248273146,0.6,1,1,1
0,same_or_following_session,18,6,22,2025-10-16,2025-10-22T17:10:00,kognition,methodik,0,0.38084992612878,1.0,1,1,1
1,same_or_following_session,18,6,22,2025-10-16,2025-10-29T17:10:00,kognition,methodik,0,0.38084992612878,1.0,1,1,1
2,same_or_following_session,18,6,22,2025-10-16,2025-11-12T17:10:00,kognition,methodik,0,0.38084992612878,1.0,1,1,1
3,same_or_following_session,18,6,22,2025-10-16,2025-11-26T17:10:00,kognition,methodik,0,0.38084992612878,0.6,1,1,1
0,same_or_following_session,18,6,22,2025-10-23,2025-10-29T17:10:00,kognition,methodik,0,0.44568707146615605,1.0,1,1,1
1,same_or_following_session,18,6,22,2025-10-23,2025-11-12T17:10:00,kognition,methodik,0,0.44568707146615605,1.0,1,1,1
2,same_or_following_session,18,6,22,2025-10-23,2025-11-26T17:10:00,kognition,methodik,0,0.44568707146615605,0.6,1,1,1
3,same_or_following_session,18,6,22,2025-10-23,2025-12-03T17:10:00,kognition,methodik,0,0.44568707146615605,0.88421052631579,1,1,1
