gruppe_id,datum,n_lehrkraft_records,satzanzahl_sum,semantische_breite,d_semantisch_mean,d_semantisch_std,polaritaet_index,dominanz_breite,mean_kognition,var_kognition,range_kognition,mean_sozial,var_sozial,range_sozial,mean_affektiv,var_affektiv,range_affektiv,mean_motivation,var_motivation,range_motivation,mean_methodik,var_methodik,range_methodik,mean_performanz,var_performanz,range_performanz,mean_regulation,var_regulation,range_regulation,varianzlast,dominante_dimension_calc,drift,dominanzwechsel,z_affektiv,kohaerenz,stabilitaet,dynamik,n_teilnehmer_records,tn_mean_kognition,tn_mean_sozial,tn_mean_affektiv,tn_mean_motivation,tn_mean_methodik,tn_mean_performanz,tn_mean_regulation,tn_d_semantisch_mean,emotion_valenz_mean,emotion_aktivierung_mean,emotion_anzahl_mean,tn_polaritaet_mean,tn_dominanz_breite,polaritaet_negativ,kohaerenzverlust,instabilitaet_group,risiko_score,risiko_klasse
0,2025-09-02,1,3,0.2604949755294218,2.804232950146233,0.3265262952635309,1.00000000,3.0000,0.5198702902734634,0.004158798803055524,0.15768795139167002,0.11580849557311566,0.010106372584084889,0.21527665459187298,0.16383389968415898,0.021869308261469808,0.339948327096933,0.35577727767868333,0.0010585585337061195,0.0766709643529,0.4587362695092733,0.005920999143414137,0.18754498303585004,0.4184552491540667,0.0017068004713038088,0.09232566410429,0.33090122986652665,0.023036794479039766,0.35100300466683,0.00969394746801058,kognition,0.0,0,,,,,,,,,,,,,,,,,,,-1.0,,0.0,-0.7172296506534236,niedrig
0,2025-09-04,1,5,0.18241767778710863,3.7818685070429594,0.7488015766184756,1.00000000,3.0000,0.4931462911382719,0.010637123482820279,0.27474436028337,0.0581601917168986,0.0011517658914531736,0.093471286468145,0.132044904290417,0.003948729615592252,0.181982375248988,0.36195457965336597,0.006800194650716689,0.21454260935942,0.42754282868598203,0.001840396892028616,0.10901046063771996,0.46816248950349604,0.0024555528837397872,0.13755953165884993,0.41197870789434,0.006442445752890595,0.23100519522092,0.004753744167034483,kognition,0.12289668950793137,0,,,,,,,,,,,,,,,,,,,-1.0,,0.0,-0.22844108614112116,niedrig
0,2025-09-08,1,5,0.20013180466810498,3.8679623187760597,0.5578754120708701,1.00000000,2.0000,0.53755054528027,0.003532687402265483,0.16273827491405002,0.11189025316379679,0.008100432101060314,0.22697392070818798,0.217988752583757,0.009453461359003254,0.272455225231305,0.35772604850251194,0.0010614668322540322,0.09591991706995001,0.420790908947908,0.0016852454033915512,0.11881619031052004,0.44652176693077,0.003392166005379433,0.13732687044264996,0.32638667110672803,0.012827280136358466,0.34516927984463,0.005721819891387504,kognition,0.14178430406511153,0,,,,,,,,,,,,,,,,,,,-1.0,,0.0,-0.29537986603027677,niedrig
0,2025-09-22,1,5,0.24132627140999047,3.4082179349508204,0.6426053134017989,1.00000000,1.0000,0.6024910272558559,0.0070458825382580925,0.25682957219153996,0.08015600523148639,0.008427738415021287,0.244309260725474,0.154858166949335,0.012617605677316124,0.307712571091728,0.306731384340322,0.007473592198532672,0.26859808488346004,0.42749180922471197,0.0016552630387153058,0.10279205413531001,0.412341238227964,0.0023776782092203457,0.10848543781126996,0.3185834139516558,0.018640609195584558,0.38424343261843097,0.00831976703894977,kognition,0.11438687309198366,0,,,,,,,,,,,,,,,,,,,-1.0,,0.0,-0.23720752651795043,niedrig
0,2025-10-22,1,5,0.24331682177249578,3.2909833178659,0.8943714121001323,1.00000000,2.0000,0.47933370691151406,0.003740671355722816,0.14641899051861007,0.1306768429200038,0.025184912540803055,0.41675861150909,0.25000105295978,0.010545472431804983,0.25240956472247,0.41762897574535407,0.008944440594734893,0.24792150963475995,0.373071614964008,0.004114921641559849,0.16942730780425003,0.41845856583989194,0.0004943464060598054,0.06043764869352003,0.37782083045836795,0.006178310786783077,0.24043246002036,0.008457582251066924,kognition,0.2134913953485162,0,,,,,,,,,,,,,,,,,,,-1.0,,0.0,0.19240077426134675,latent
0,2025-10-23,2,7,0.17338010483056898,2.866200755153119,0.6508789037485574,1.00000000,2.0000,0.4847346451268787,0.005636508239341392,0.17922995865508,0.12802354738219412,0.00804780222318667,0.21726678368079,0.12155217933456976,0.0068509604705390345,0.21584571530339852,0.37554104738252503,0.0026922395089648255,0.11955021982059502,0.4072532521781892,0.0009736901042103286,0.07065495139625,0.4314611718909471,0.0025334455274754145,0.11738542849903497,0.4560643921334737,0.0033869927321404708,0.13791025815433,0.004303091257979734,kognition,0.1605186094838973,0,,,,,,,,,,,,,,,,,,,-1.0,,0.0,-0.22076353384139788,niedrig
0,2025-10-27,1,4,0.20490529758079992,3.308728107182125,0.5045920202223814,1.00000000,2.0000,0.425359674082515,0.0031695076576994195,0.15627654703417004,0.14553729081186925,0.016954475873700026,0.329861193623413,0.088090482918949,0.008126946281168841,0.21159071703145102,0.40980717851238996,0.0022110156538516796,0.12416482897743003,0.42193316878278997,0.000520273393292072,0.053836222303009995,0.45990664153873245,0.006655251525849806,0.22713116955763996,0.4366372894490125,0.004348710591114334,0.15813701076034004,0.005998025853810882,performanz,0.08676421081744183,1,,,,,,,,,,,,,,,,,,,-1.0,,0.0,-0.36185420374335087,niedrig
0,2025-11-05,1,4,0.28225085634350483,2.324686969017625,0.2713967813766045,1.00000000,3.0000,0.48972564958730747,0.011508344562395655,0.29498221722963,0.1391651598578075,0.022089996544303433,0.36570586890726603,0.16368744133094398,0.018308606004373777,0.378578070263064,0.393731452973655,0.008963186733798822,0.2374229295872,0.3854943615131925,0.004600566532532729,0.18106887332984,0.46216459202426,0.007374123991848141,0.21637276620209994,0.34220975987651003,0.006820721537389251,0.19707388154828004,0.011380792272377399,kognition,0.14285081478631012,1,,,,,,,,,,,,,,,,,,,-1.0,,0.0,-0.27168407359295477,niedrig
0,2025-11-27,1,5,0.1577482099623566,2.77562037513024,0.9822547008582001,1.00000000,1.0000,0.5735121294521239,0.0020344051728234994,0.13475795981068994,0.07308565341161419,0.0016679563983208,0.11174275425682499,0.132633206582848,0.005053431452628455,0.17955771119041203,0.30353942935412603,0.005376427492909035,0.19259930096470002,0.45248861268359,0.0012642703040779296,0.09560874007038,0.430033047593054,0.0011811453996132095,0.09420772624763002,0.37609425594757406,0.008306861525954817,0.25444213384127,0.003554928249475392,kognition,0.16478612475597618,0,,,,,,,,,,,,,,,,,,,-1.0,,0.0,0.009266933147129452,niedrig
0,2025-11-28,1,4,0.20978979786101032,2.9580383582261254,0.7705269928754048,1.00000000,2.0000,0.530450611703645,0.00694412109945003,0.21864777146631997,0.10231083329089495,0.005049663903868856,0.19213597184956918,0.16249246944896073,0.005155632518702143,0.18703921032451698,0.3308020979266275,0.009927453795856429,0.23968152455145,0.4269747970144125,0.0038596904749007184,0.16211678557811998,0.4187042439971,0.005743301088727888,0.21287393590713,0.413135711833295,0.007331896405057503,0.23651148087576995,0.006287394183794795,kognition,0.0805890821478371,0,,,,,,,,,,,,,,,,,,,-1.0,,0.0,-0.2755283836759431,niedrig
0,2025-12-01,1,5,0.22273263422165962,3.5587927262535204,0.3368313891777808,1.00000000,3.0000,0.5420488343507561,0.008046047615744418,0.22746257627496003,0.07211877688807339,0.022058982352813283,0.45724110457247,0.11227833272859959,0.00624556139400465,0.216301982380422,0.315304880335188,0.00673868286376054,0.22193930919336,0.45712043388845,0.0008609336363812716,0.08058619660776001,0.42525664639783,0.0005583324261287132,0.07157164723133003,0.386704727358252,0.005101286058486752,0.19494573181832003,0.007087118049617089,kognition,0.0738782285800969,0,,,,,,,,,,,,,,,,,,,-1.0,,0.0,-0.5886561344254608,niedrig
0,2025-12-02,1,5,0.20463162313121475,3.5448954120949003,0.7545067367194604,1.00000000,3.0000,0.48616172744117403,0.004978158766982429,0.19012935377625995,0.0814235141560778,0.005811362698448046,0.210089502321361,0.1428191930273556,0.014867476033295463,0.331798936416563,0.36803587042272196,0.0031311639536502635,0.14174787850268,0.438528811504528,0.0004919621399081238,0.06791861878965,0.456305087138256,0.003763000641441134,0.16705826179023003,0.39845625577253,0.008830976951590047,0.23575578971224997,0.005982014455045072,kognition,0.09149317369672484,0,,,,,,,,,,,,,,,,,,,-1.0,,0.0,-0.2683046713987519,niedrig
0,2025-12-04,1,5,0.13316888969388263,4.030094807275581,0.5143498982918444,1.00000000,2.0000,0.438455258638822,0.004044921771755934,0.18916012964778,0.1357452441898024,0.006353138939231462,0.18601740658591198,0.12162813556643699,0.0017878979208275393,0.10208261666171,0.408342901672276,0.0012170544172636656,0.09949584341619,0.41849110226335196,0.002376706686272371,0.13644559613448998,0.48142878197847594,0.0010246245432850634,0.08520592451964998,0.42795491967827604,0.0009296089036654433,0.09197378607954998,0.0025334218831859255,performanz,0.09593412432598575,1,,,,,,,,,,,,,,,,,,,-1.0,,0.0,-0.4346151218926484,niedrig
0,2025-12-05,1,3,0.1773265748533005,3.1976393554745335,0.7222052190291645,1.00000000,3.0000,0.45170194899145,0.001518078811610349,0.08691450201850998,0.07258567474257334,0.011134447781113103,0.250468766857079,0.12032979855830199,0.009432631950218427,0.226298414133637,0.38954308485744,0.0012778285734750653,0.08178713914505997,0.42145169757743,0.0017965980307550194,0.09330808820565001,0.4601369556820833,0.004379973293263633,0.14501590997041997,0.45130330606665003,0.001905155708767583,0.10557147807081002,0.00449210202131474,performanz,0.07434365438896684,0,,,,,,,,,,,,,,,,,,,-1.0,,0.0,-0.37414598815591216,niedrig
0,2025-12-09,1,4,0.20843498194051932,3.1323149863272,0.37927332707384925,1.00000000,2.0000,0.5571630131780225,0.011337356362324883,0.28634705642149005,0.0557558911606885,0.0013648641799905458,0.089063932769943,0.1855784296762125,0.007105451600570915,0.23569152436229998,0.28421998002682,0.005421744377615481,0.17948968528307999,0.42307583669606,0.003776115029157353,0.17306414397543002,0.48550323254377503,0.008468295045277047,0.20805581949032004,0.33627687063278,0.005971315101608386,0.20352082202929,0.006206448813792087,kognition,0.20157575406537195,1,,,,,,,,,,,,,,,,,,,-1.0,,0.0,-0.16679478442744874,niedrig
0,2025-12-10,1,3,0.30883727658911503,3.0929551337240664,1.05205046755989,1.00000000,3.0000,0.41764284340231334,0.0032547753628978412,0.13442722546229002,0.31927660141967,0.011601981208489612,0.25781205918127,0.2185072904184663,0.03855794875998402,0.480324516868861,0.4592541549290334,0.0007262280217802747,0.06325043165452998,0.3633691601364633,0.004715098668467387,0.16683475691448002,0.3599267086306533,0.007778445719152768,0.21527812312057,0.328641004046598,0.028745985670209615,0.38164088507954597,0.013625780487283076,motivation,0.37419643478464526,1,,,,,,,,,,,,,,,,,,,-1.0,,0.0,0.9099072737087102,hoch
1,2025-09-01,1,5,0.25654340160618455,3.5170197851158798,1.2005050556352004,1.00000000,3.0000,0.41854915928882397,0.01128637794888265,0.32837061001711004,0.19358705479895122,0.017636521748998824,0.335306441959874,0.16367336862075338,0.012612372682323843,0.276214560817238,0.40585893265774403,0.0027171992104418974,0.16223978284524,0.360363039237032,0.0077044483267339646,0.23080129039276,0.419631292273118,0.0009532324907458179,0.08146866985151002,0.47334668344048597,0.012904364499545096,0.33649483572299005,0.009402073843953156,regulation,0.0,0,,,,,,,,,,,,,,,,,,,-1.0,,0.0,-0.08584112887258599,niedrig
1,2025-09-02,1,4,0.27561626209960466,3.542618356778775,0.8275895594195635,1.00000000,3.0000,0.431879611335405,0.01906254334036328,0.3615437092892301,0.09819955795612799,0.011044763725560906,0.24871526730486399,0.2162655933094725,0.007128379751336421,0.20811580601977,0.41525210902249754,0.013569505803382747,0.29877544067385997,0.3606724604297875,0.013230261716290955,0.29345972066731,0.46805992841036503,0.01006069285827582,0.2725960704294099,0.3993703973070625,0.0018681767385478408,0.10970851383726998,0.010852046276251139,performanz,0.14123940248852807,1,,,,,,,,,,,,,,,,,,,-1.0,,0.0,0.11919683477226284,latent
1,2025-09-09,1,4,0.1262574599651344,3.54235854973935,0.899508459181704,1.00000000,3.0000,0.483526158225995,0.003545039783030016,0.15169587335968998,0.0606575526526605,0.0005424964954811813,0.06282789144113698,0.13035684298975525,0.0078565188628361,0.242185996785949,0.3662116962182825,0.000502076835841352,0.06264469668493,0.41889852862341503,0.0011979333594923738,0.08914626717424995,0.4736300572794675,0.0004736278410255742,0.056296171735019995,0.442346852687225,0.001823253019140917,0.11571403387893997,0.0022772780281210734,kognition,0.13831240185674354,1,,,,,,,,,,,,,,,,,,,-1.0,,0.0,-0.05901370414280094,niedrig
1,2025-09-15,1,5,0.20724569947272636,3.78100172755832,0.9263406240760047,1.00000000,3.0000,0.47606136982091796,0.006558720758502464,0.21488528945236995,0.1498276124776462,0.01638921730440787,0.279520628018331,0.14873211664524402,0.011439704771001646,0.31424744611460903,0.39036826828369203,0.0032214832615711834,0.15559599265527996,0.42290617170242406,0.0015491157662040058,0.11101067480313997,0.44786727328181997,0.0002903344543726296,0.04590004327429004,0.39245049968271195,0.003502203633879812,0.17518639833284,0.006135825707134231,kognition,0.10998927937075811,0,,,,,,,,,,,,,,,,,,,-1.0,,0.0,-0.09366604538277598,niedrig
1,2025-09-16,1,5,0.18726196311859822,3.798107076789499,0.6536911884643213,1.00000000,3.0000,0.45970165312585803,0.004959452359367853,0.19611272471918,0.17791153488593642,0.007782700662342707,0.266742357749148,0.1745556767581438,0.01020117864902718,0.259365815396829,0.38301371249724603,0.0051314802801014775,0.18701255081592,0.39599305178043204,0.001322425816800447,0.10970440178863,0.42880333775179,0.0038756248547638207,0.16006335220181,0.451771421365304,0.0017941802086277464,0.12608028652629,0.005009577547290177,kognition,0.07990002620149048,0,,,,,,,,,,,,,,,,,,,-1.0,,0.0,-0.3960743293901833,niedrig
1,2025-09-22,1,5,0.18189358478891837,3.6104835920823,0.5677926837009476,1.00000000,2.0000,0.542894483891774,0.0035726484512513313,0.17112997225555998,0.08104951881704839,0.010637645014051744,0.263906973887863,0.16023334433337202,0.0005016280514621938,0.05969266195622,0.329272657265898,0.0013165180510398163,0.08628680291242002,0.419586832882788,0.005248055826936271,0.18749619894187003,0.489553102612916,0.007184854486416538,0.25662000618482994,0.340286657580886,0.004623926306205542,0.18789472171619997,0.004726468026766205,kognition,0.18992782962140065,0,,,,,,,,,,,,,,,,,,,-1.0,,0.0,-0.1971316053957999,niedrig
1,2025-09-23,1,4,0.8058782065393144,3.666293371276425,1.2249226806777607,0.50000000,3.0000,0.3071652499259825,0.10687205658068695,0.8736804072399,0.12418140963233476,0.004586371117470119,0.17030270848085102,0.08726872232689,0.03589529399522249,0.4933284344815,0.2092897933047625,0.08659416927339486,0.7190132591677301,0.28855214958576747,0.058874083866131785,0.61935684337205,0.111697463506015,0.3304742120573164,1.34567905860979,0.3059834921266017,0.026143496884799118,0.412321726754053,0.09277709768214597,kognition,0.4881291169886149,0,,,,,,,,,,,,,,,,,,,-0.5,,0.0,2.8444394562997384,hoch
1,2025-09-29,1,5,0.29307235013505245,3.3360192703706,0.9306520609564388,1.00000000,3.0000,0.4912463275445139,0.02160172516122951,0.42825743662244004,0.12397744852440817,0.021151136144372622,0.35281146655220796,0.12492585918703758,0.008951654763849697,0.2716475311861431,0.354637022276046,0.007106508712814047,0.23092821618403,0.393465244847622,0.00862178926618489,0.26665853176795995,0.434966157547976,0.0017514529031163635,0.11566458806871,0.414757945638372,0.01670713546211566,0.37835696076699005,0.012270200344811827,kognition,0.42868525692548626,0,,,,,,,,,,,,,,,,,,,-1.0,,0.0,0.827712448123419,hoch
1,2025-09-30,1,2,0.017080553686997763,3.13806054061695,0.9674695750490501,1.00000000,1.0000,0.409451544464055,5.028338507263444e-07,0.001418215569970016,0.0514710027222455,2.2560690335134363e-06,0.0030040432976329995,0.032012330633226505,2.5052619861586214e-08,0.0003165603883089965,0.41043428775849,0.00019881875128837382,0.028200620651919972,0.463836092808495,3.5557176565307304e-07,0.001192596772850052,0.456338694525545,1.1348902030146529e-05,0.006737626297189991,0.48634489980713,7.843813366613802e-05,0.017713061131959973,4.1677902036344695e-05,regulation,0.18500638754494184,1,,,,,,,,,,,,,,,,,,,-1.0,,0.0,-0.02749898256430519,niedrig
1,2025-10-07,1,5,0.23187062443583428,3.2995965981508397,0.6787477664939765,1.00000000,3.0000,0.5200630978133101,0.006037999730258476,0.20923928897788002,0.1493136801728226,0.009007213247483487,0.229601016868564,0.19191960448790257,0.013990215910265993,0.283472973523547,0.368913253249844,0.003649077892008177,0.16583337120988,0.424935041995732,0.006254550608540435,0.22714061707817002,0.434125674502534,0.002377724219309623,0.13778992978362997,0.3339228583146,0.012447204868397522,0.30502597661212,0.007680569496609102,kognition,0.27265660921563173,1,,,,,,,,,,,,,,,,,,,-1.0,,0.0,0.2618975380416479,latent
1,2025-10-20,1,5,0.1451682503732654,3.8347415388341397,0.4932946918804349,1.00000000,2.0000,0.5384374393450281,0.003397116981386756,0.14322767100121003,0.09610209292648679,0.0035244768503794634,0.173717275014616,0.16104005981875397,0.004254096195951113,0.18082121383254,0.309330638541182,0.003526871383596493,0.16197076241101002,0.4447010958787,0.0008684595996462684,0.08191360573950002,0.457775924599206,0.0007106760951170022,0.07235645319775003,0.38837246569209605,0.004792123810357972,0.17786025902723002,0.0030105458452050096,kognition,0.10764531879183803,0,,,,,,,,,,,,,,,,,,,-1.0,,0.0,-0.5049660976752248,niedrig
1,2025-10-21,1,4,0.2430725182671818,3.6272379157389256,0.7079727650914477,1.00000000,3.0000,0.4821695428914375,0.0050338246410329395,0.16064665747711998,0.18153302676686034,0.024793079119269968,0.4094503933152727,0.140383548686524,0.009161159406948402,0.220046548704808,0.3899450280432775,0.0058501339544663085,0.21071031095242,0.40870049146200504,0.005429023132937048,0.18954410733351001,0.44420999250211746,0.002627569692586284,0.1404452671043,0.37328946784326755,0.00618945918950848,0.20287804129184,0.008440607019535633,kognition,0.13819358426222153,0,,,,,,,,,,,,,,,,,,,-1.0,,0.0,-0.12842781462017971,niedrig
1,2025-10-27,1,4,0.13475648683316785,3.8170607476235254,0.8103153584804953,1.00000000,1.0000,0.568836318940935,0.002216228976376417,0.12655522881269,0.0737618641847082,0.005540504163103829,0.19120772324176918,0.16449816617226248,0.003260676282406736,0.14726769022113997,0.317495159269135,0.003162687070573032,0.15407199327069002,0.46929852149365503,0.0008800973084717247,0.07780244467794994,0.43293988199442246,0.000667856415995112,0.06367005774257001,0.3424598425905925,0.002431260526690886,0.13053687350159,0.0025941872490882483,kognition,0.17235386344607762,0,,,,,,,,,,,,,,,,,,,-1.0,,0.0,-0.12932599427615757,niedrig
1,2025-10-28,1,4,0.3233405520873159,3.4098885571022746,1.214019661651721,1.00000000,2.0000,0.4873181174111575,0.023586415541054086,0.38519617660364996,0.15575230002596102,0.013406090990802763,0.26450869591020404,0.22267305360342748,0.011306987476987461,0.25904344618565,0.3582491037610775,0.0047795963820285465,0.17351065173555,0.3716764839010325,0.009844127241745214,0.27477807565686996,0.41028430217005,0.0015974380887865676,0.09363984248938001,0.38639863951485254,0.040028456902725607,0.5426201726577701,0.014935587517732893,kognition,0.17431811628581337,0,,,,,,,,,,,,,,,,,,,-1.0,,0.0,0.4639509107164185,hoch
1,2025-11-03,2,7,0.253494705240137,3.436432119496696,0.7518490314635927,1.00000000,2.5000,0.43300497571669083,0.014601040126199075,0.276427743901685,0.16050354261308525,0.017622652039166103,0.32225934788833,0.19916908943304823,0.010507393500018041,0.248803059849949,0.4044659038802675,0.00717946955500135,0.21333521718280002,0.3749128516600292,0.009547469685447226,0.22500439307127001,0.4508042682829025,0.0013640314717644976,0.08732760852346494,0.4111328255520267,0.004336071619534355,0.16224968311101498,0.009308303999590093,performanz,0.08902270665849402,1,,,,,,,,,,,,,,,,,,,-1.0,,0.0,-0.09916818987328033,niedrig
1,2025-11-04,1,4,0.1942929855893324,4.07826599865005,0.4990012306668612,1.00000000,3.0000,0.425497140342515,0.004643729244133083,0.18008137460170004,0.1723318660736475,0.007024160707540526,0.22205119101839998,0.19295874508394625,0.010505178853278806,0.287812108355785,0.3956301461467625,0.006052413877327427,0.21350712887517997,0.39500660498807,0.0017734257591490174,0.09684375835572001,0.43804772643492,0.00013296314634093904,0.031198598510089992,0.45806859948712997,0.007617892661446727,0.23866116968143997,0.0053928234641737885,regulation,0.05551910461424634,1,,,,,,,,,,,,,,,,,,,-1.0,,0.0,-0.45830783783040074,niedrig
1,2025-11-10,2,9,0.19217548970301143,3.699871369947358,1.0224541456536689,1.00000000,3.0000,0.48442116942943925,0.006109697788149267,0.20261008782711495,0.08729415508038768,0.006674873740067051,0.1684659487246775,0.16992641696635466,0.011977528650888343,0.278767148492045,0.3835495384687643,0.0051406054243504145,0.19697976488872498,0.40144471347841104,0.004312658146426333,0.138461508924745,0.4613914597477278,0.0017154686661494407,0.106093546739665,0.40255495826695276,0.0053492628301144846,0.20124363314670501,0.005897156463735047,kognition,0.12267039660256844,1,,,,,,,,,,,,,,,,,,,-1.0,,0.0,0.08978734186558605,niedrig
1,2025-11-11,1,4,0.3263395346668738,2.828407646510475,1.324510608716878,1.00000000,3.0000,0.3795143359506,0.012191793241222156,0.30187478239306004,0.2443561923019725,0.019396543921211498,0.33905932079393003,0.271792261772775,0.013803700505562054,0.30521992809534,0.40873119105309996,0.008867903640309883,0.26586384675895997,0.3047730158652975,0.010701074475257052,0.23625739396924003,0.410656601766605,0.0026650637387475567,0.12017223232101004,0.432775959016335,0.03887141236428156,0.5439322243084901,0.015213927412370251,regulation,0.24396197456123242,1,,,,,,,,,,,,,,,,,,,-1.0,,0.0,0.8204522159039498,hoch
1,2025-11-17,2,10,0.5335106697688239,3.86999953372175,0.7484002086261302,0.80000000,2.5000,0.44427629137498204,0.04116323743197446,0.43726172861912993,0.08152334626459551,0.02193805423404932,0.4226246723400795,0.08573561627321921,0.021811125733760484,0.41410354467612354,0.296390857770494,0.04722520901009938,0.45360398732549007,0.35092294103605304,0.03823006791363171,0.423626235594885,0.333164923442551,0.0855122531369353,0.65282984467314,0.29436655633287934,0.09207739220878274,0.7493887625982685,0.04970819138131905,kognition,0.3244040859630965,1,,,,,,,,,,,,,,,,,,,-0.8,,0.0,1.2793469190908193,hoch
1,2025-11-18,1,4,0.15670347203026816,3.875970546034575,0.5714165338944265,1.00000000,3.0000,0.47867671646940246,0.0038302203993248094,0.15731416306814,0.11444026388471924,0.0021613939189190213,0.12645781071293302,0.2063322603268875,0.003924564396603347,0.16478452154202,0.3778819497307025,0.00731517083882447,0.2105945359808,0.37833570546170503,0.0008438354837982038,0.07279717176466,0.45997518154607747,0.0003539094233270604,0.04275663194641999,0.4394632170818,0.006126883685544123,0.21460688542272,0.0035079968780487194,kognition,0.24766227712832617,0,,,,,,,,,,,,,,,,,,,-1.0,,0.0,-0.08903997099968067,niedrig
1,2025-11-24,2,8,0.1956028248450351,3.37211216831565,0.6687803623541495,1.00000000,3.5000,0.42119307930961875,0.0037201626778702967,0.154414080914845,0.15613592596756662,0.01140950123017313,0.265472247339697,0.1462217494078727,0.01039967250968413,0.2664673166743347,0.42970329936942375,0.0015632630167834074,0.09942893793826502,0.37615508077354254,0.0058318451240634405,0.19188653965086,0.4758305618523275,0.0032786957503838127,0.14126990989025998,0.4215249832374862,0.002111252846046672,0.11493981155063501,0.005473484736429271,performanz,0.10917669632805338,1,,,,,,,,,,,,,,,,,,,-1.0,,0.0,-0.20099297625770382,niedrig
1,2025-11-25,1,4,0.31703683565011637,3.1290510540392003,0.8047190339469414,1.00000000,3.0000,0.4671616768119875,0.023442508841119286,0.40387217767844996,0.11311354756241519,0.017551790858442877,0.33072339025291925,0.19238942208005325,0.020659093096069624,0.355611207501447,0.398373341096785,0.018172962454953135,0.35243919376906996,0.38966207907222,0.014452396545572824,0.30643219967971996,0.4413160663896075,0.002844922104820793,0.14623823616745996,0.355154385464095,0.0033886812580603614,0.16286615448899,0.014358907879862699,kognition,0.11338343324395145,1,,,,,,,,,,,,,,,,,,,-1.0,,0.0,0.10493826032275311,latent
1,2025-12-01,2,9,0.1895888644560558,3.40251594533008,0.7118174473738208,1.00000000,2.5000,0.5046605950236596,0.007021297425804849,0.221677808472695,0.12595740369733432,0.008838394884994449,0.22241350422389009,0.18099985990849998,0.005098122973954588,0.16761813315208002,0.3613305408229682,0.007175993739797071,0.23075740190955502,0.41328731694515497,0.002837124818587499,0.14606692311578,0.45599353450452074,0.002626361476504758,0.139722046481535,0.387113188877012,0.0025702573496911756,0.130097271619375,0.005166793238476341,kognition,0.06977083729215423,0,,,,,,,,,,,,,,,,,,,-1.0,,0.0,-0.37479944183003044,niedrig
1,2025-12-02,1,5,0.7877196647874025,3.22549737908488,0.8267436379250976,0.60000000,3.0000,0.358908632557678,0.0933796622120221,0.86054078432965,0.004277978631775999,0.006692431030393681,0.22152380561704701,0.0145778236996428,0.02498366676574297,0.42564611134841,0.204500608180684,0.08733784301912015,0.79449788499881,0.31827588783787203,0.08296101431186513,0.77691342617992,0.23946561870728003,0.17602043112802082,1.10475170867785,0.22356446851819003,0.14912722182561303,1.0361046950131398,0.08864318147039683,kognition,0.4135228323405718,0,,,,,,,,,,,,,,,,,,,-0.6,,0.0,2.220844219577595,hoch
1,2025-12-08,2,9,0.21233023964668615,3.975202169694855,0.4274067192116803,1.00000000,3.0000,0.4094564304782693,0.001608777379444479,0.101533313413845,0.09418826447862412,0.03499490530136672,0.42481623176339006,0.15502418133855989,0.009434016588212898,0.23148436311192952,0.4198374965774695,0.000825539657829244,0.05459784471486501,0.4041819404593555,0.0024004808239690987,0.131949564495045,0.44156874187447903,0.0009510892882970216,0.079697466842955,0.4558873267442425,0.0031907476310518356,0.150742207358875,0.0076293652385959,regulation,0.42300535100562814,1,,,,,,,,,,,,,,,,,,,-1.0,,0.0,0.42567193928787517,latent
1,2025-12-09,1,3,0.1658565039588822,3.3000461526292333,0.5388784887133073,1.00000000,2.0000,0.50860205218724,0.003311658461180393,0.13298534749060004,0.15059562103750465,0.006802480655575894,0.20195712379043598,0.14773585552186833,0.005271950995488672,0.173813572121305,0.33026202931615667,0.0069972995403358995,0.18650578398135,0.45439144553131333,0.0009163856882540025,0.07395981672145996,0.4299000846452066,0.002476647997861455,0.11815162109141997,0.41103008778708333,0.0017319565667663992,0.09272447821167001,0.003929768557923244,kognition,0.1604925295902481,1,,,,,,,,,,,,,,,,,,,-1.0,,0.0,-0.2133713917414843,niedrig
1,2026-01-12,1,5,0.12097341059252371,3.8828165103436802,0.7590040284765692,1.00000000,3.0000,0.511010034937202,0.002807263428334236,0.12770869269107,0.0481867858910428,0.00017256193082581845,0.029585441862553,0.1194427852367392,0.0029934954681214245,0.166478158932409,0.34821219790969204,0.0026226536808786143,0.14587480678118003,0.45456713046408803,0.0006206439247575374,0.06617566931488,0.457440592172898,0.0012998949616701563,0.10309848277478001,0.412922983079258,0.004118052675799543,0.15352037418288,0.0020906522957696186,kognition,0.11125721436536366,0,,,,,,,,,,,,,,,,,,,-1.0,,0.0,-0.3348223436524661,niedrig
1,2026-01-19,2,9,0.1855591238644682,3.3309207809380252,0.40723160350644516,1.00000000,2.0000,0.4828728557956875,0.011192380243704607,0.266382653339855,0.10509006126786882,0.008306742382962149,0.229003063194559,0.20341076667807984,0.008310810120619367,0.23536280393595949,0.3638356422583273,0.0031286205554655936,0.15540298200588498,0.3789632255284495,0.003027809112077836,0.13801796578729497,0.4690413648651275,0.0008242425158732762,0.08146032115697,0.4119020369443548,0.00222834800667086,0.122077074465195,0.005288421848196241,kognition,0.13105711815420412,0,,,,,,,,,,,,,,,,,,,-1.0,,0.0,-0.4503008508460976,niedrig
2,2025-09-01,4,18,0.1990264825165446,3.8723273763512864,0.4246592528423188,1.00000000,2.7500,0.48201805629078354,0.004510141759886233,0.17187245372529253,0.10311374815842012,0.012107281481007141,0.26777352223314327,0.16321895852627674,0.008289332436391315,0.226329880373983,0.3786881397917575,0.0036069540006818165,0.15927204490136,0.4017338790742577,0.004495249612324679,0.18669157890646,0.47521808508874974,0.001960481943041534,0.10242763604933748,0.39472522187051723,0.004830412816097846,0.174211424563755,0.005685693435632938,kognition,0.0,0,,,,,,,,,,,,,,,,,,,-1.0,,0.0,-0.7412865043872826,niedrig
2,2025-09-02,4,14,0.18294786437032337,3.6542873674960914,0.5077508903790203,1.00000000,1.7500,0.5306023587735562,0.009603106213784554,0.19837338390402004,0.10203000831133027,0.009862975656750783,0.21388514793823118,0.18989066422803377,0.0057151035223013055,0.15171435493316748,0.3318933987504008,0.005176568225471947,0.1520206621771675,0.4232620248465262,0.0027794504875994336,0.11947338975160751,0.4502592015466988,0.001926552468212902,0.1027245158779625,0.36563981876656537,0.0042110001354081035,0.15658043212119999,0.005610679529932718,kognition,0.08482396015124247,0,,,,,,,,,,,,,,,,,,,-1.0,,0.0,-0.4904588772103544,niedrig
2,2025-09-08,3,13,0.24466802747051872,3.7059663115302004,0.532261484747982,1.00000000,2.6667,0.500083466604522,0.008083661018525574,0.23475720546928,0.1481903401870693,0.01374510451967085,0.2856726790554934,0.1953351072527765,0.013509562689934189,0.306689898683188,0.37467010444889937,0.004220001709273287,0.1600481317236267,0.4095447648769332,0.002871277526736967,0.1315326456723967,0.4494554503240918,0.004786950543927145,0.17958021032380667,0.3349192157047998,0.012745541928887763,0.28385734750240904,0.008566014276707968,kognition,0.0778089469016831,0,,,,,,,,,,,,,,,,,,,-1.0,,0.0,-0.4018975458648637,niedrig
2,2025-09-09,4,16,0.3179692825362655,3.494942092308251,0.531032427646656,0.90000000,2.7500,0.4563667892327808,0.020750631653618477,0.29988581455622004,0.11469991322874977,0.013461021760978175,0.2565330563041767,0.1516865809297659,0.017937951325323324,0.26618854228252775,0.33138776460952624,0.028283247241384323,0.3169005083668725,0.39016343594230557,0.01973453235633625,0.27248040968576753,0.4001216476566364,0.04257875183989561,0.32257544060498744,0.33621331953308226,0.03984805802957731,0.33703563815965,0.026084884886730497,kognition,0.09809406746607574,0,,,,,,,,,,,,,,,,,,,-0.9,,0.0,-0.0418504434777969,niedrig
2,2025-09-15,4,19,0.3486991636796375,3.1989678189098516,0.9991578859335091,1.00000000,3.2500,0.441577309675212,0.021142737964366515,0.35606299571895783,0.1443388227622312,0.026395406773697755,0.4009913889209362,0.1821876515038162,0.017277016641635418,0.363051973001744,0.39948579673882023,0.007510432690794993,0.212363263122475,0.37896431935221603,0.016629772860212378,0.30792897454686075,0.4146942353980674,0.04193435327970229,0.385554425873775,0.34269987996140727,0.008882030289473066,0.24269838619670228,0.01996739292855463,kognition,0.0839327524988525,0,,,,,,,,,,,,,,,,,,,-1.0,,0.0,0.15118733154981498,latent
2,2025-09-16,4,17,0.1924446900974703,3.4403483037027507,0.9611697683147764,1.00000000,2.2500,0.5087265809101521,0.008279384505360424,0.24860969453492998,0.13892281448762248,0.009003645921374707,0.22713173714027576,0.16384696072166083,0.006242373084324775,0.21210034399691924,0.35483656127637064,0.0070377949048547415,0.22071613029808002,0.4237324039868171,0.001992069219328772,0.11803512743089252,0.4359448402734454,0.0018805246563258562,0.10844549886296752,0.39147713770703,0.003035845862811119,0.14228319283394503,0.005353091164911485,kognition,0.10818171481985873,0,,,,,,,,,,,,,,,,,,,-1.0,,0.0,-0.09431228045304997,niedrig
2,2025-09-22,4,16,0.17800446286628088,3.865451578842939,0.42706509799097514,1.00000000,2.5000,0.47862972741361487,0.003466198492516619,0.14375967142235502,0.17895816051989333,0.006985101453236786,0.21090954792489602,0.21244022131682577,0.011296681770512683,0.2617680842449067,0.3919400053173602,0.0017727956966005736,0.09203938417324,0.40264991427586877,0.0015797313631417441,0.0874524898623825,0.4444636427112728,0.0012778259358590233,0.08824451453245,0.3657531235860618,0.007471159964914063,0.1730005397111125,0.00483564209668307,kognition,0.08617068136652332,0,,,,,,,,,,,,,,,,,,,-1.0,,0.0,-0.5572112529577513,niedrig
2,2025-09-23,2,10,0.1478119152452009,3.95002696095787,0.4606151174164288,1.00000000,3.0000,0.48087164653775605,0.006316123226783956,0.21212680850702506,0.13675720878363162,0.004505244479822707,0.19317706305786003,0.2163522093973396,0.0028020037863803007,0.142096763580767,0.381107270095858,0.0033961281361205133,0.17150805361965502,0.423508225024342,0.0005758120732766803,0.06664150076846004,0.442542944005464,0.0003515112113226885,0.05093611536363998,0.385195427531698,0.004185624748825522,0.17197193239969,0.003161778237504624,kognition,0.05230066658695284,0,,,,,,,,,,,,,,,,,,,-1.0,,0.0,-0.6604074747089965,niedrig
2,2025-09-29,4,18,0.3702958459290562,3.6677509097704126,0.611315456070636,0.90000000,2.2500,0.4826240375451609,0.05488565967769146,0.4915534676006075,0.12255757127433153,0.012948619738955664,0.29225840121895774,0.16152012658576131,0.010609636842763129,0.253600246258816,0.2917805222126081,0.022462588248766395,0.3640167131262675,0.3807714431951443,0.03390755960503494,0.33304280642414,0.3954816345687882,0.033567588874981694,0.38022216618302246,0.3047366041576255,0.03677817298270128,0.4051742011074575,0.029308546567270655,kognition,0.1473273477608384,0,,,,,,,,,,,,,,,,,,,-0.9,,0.0,0.2173110094282718,latent
2,2025-09-30,5,18,0.32487442922700627,3.6402920270717916,0.4297709076922803,0.86666000,2.6000,0.39707269982773624,0.032502269324801034,0.322265575562846,0.08132634007224425,0.010098330358035104,0.20254260376241467,0.11721967846660686,0.020167008739665183,0.2610145639941278,0.34956036791525863,0.032763916151053854,0.270005350675574,0.34577135501239065,0.018452479224605394,0.21445618752361,0.4032695256255325,0.050154432341843455,0.297156739173674,0.3647479203199159,0.03766711319115703,0.287912565565336,0.028829364190165862,performanz,0.1385896878274262,1,,,,,,,,,,,,,,,,,,,-0.86666,,0.0,0.14492539467965515,latent
2,2025-10-07,3,14,0.36671021318190333,3.80474404241008,0.656819216177665,0.86666667,2.6667,0.41196148124981,0.028448244843910658,0.3565385505982834,0.09053143195878215,0.007511943979284903,0.219293400579767,0.13319414077601147,0.017683437853165025,0.3692822520134717,0.33457674764399314,0.025769607029054887,0.30489303228182324,0.3823078395182244,0.019155454972717038,0.3048235943877433,0.3822301022250727,0.0992868565861146,0.5609330357030267,0.402318173200584,0.009404798614792901,0.23156355108666768,0.02960862055414857,kognition,0.0630491696215593,1,,,,,,,,,,,,,,,,,,,-0.86666667,,0.0,0.17575997773862145,latent
2,2025-10-20,4,18,0.204982920902631,3.6909624328631336,0.6471366919515997,1.00000000,3.0000,0.4902388523112799,0.009950878418669862,0.25618781830316,0.14496819878305922,0.011079672935275247,0.260269124230468,0.16652060099669502,0.009123068550668023,0.2539944310703375,0.36439025180657325,0.004880435027173913,0.1777829996348675,0.42335093698834314,0.0016494237432115686,0.10545179720043749,0.4352737947981099,0.0021364486417569527,0.11750867016675251,0.39978204844984794,0.004033397474862641,0.16610824777807004,0.006121903541659744,kognition,0.12487917153931069,0,,,,,,,,,,,,,,,,,,,-1.0,,0.0,-0.26344915981168465,niedrig
2,2025-10-21,3,14,0.20365603890423747,3.604641055073453,0.7548623863162548,1.00000000,2.3333,0.5109856537876164,0.009191770528290214,0.23296266280878997,0.13916163869331924,0.009232624293277146,0.22187801982534103,0.216339876575251,0.005079382350055557,0.19702253852403998,0.35024084610114964,0.007139981223038143,0.20955137171858,0.4300999248112441,0.0027658992193832833,0.13624398210134667,0.4351603630859517,0.0016484826683670507,0.11274214608173666,0.35954085361036703,0.008193022073222452,0.1962871253533133,0.006178737479376264,kognition,0.06936301087798245,0,,,,,,,,,,,,,,,,,,,-1.0,,0.0,-0.32176444972249696,niedrig
2,2025-10-27,4,17,0.4132803667960402,3.1084953059351075,0.6518219446342278,0.75000000,2.2500,0.418982317429057,0.038084043288680355,0.37280768889243254,0.07707803375637888,0.012748751156946882,0.2870727380314637,0.11753883379309352,0.01813076731452518,0.33879206214970803,0.26570072205419504,0.03853944000178104,0.3116811775220475,0.336107187924897,0.022715477404087126,0.29627635831163,0.3204051484033309,0.09922462364281899,0.445461210976415,0.27995777157906215,0.04696522123008999,0.43552939251592504,0.039486903434132796,kognition,0.239926087288628,0,,,,,,,,,,,,,,,,,,,-0.75,,0.0,0.7462602801622246,hoch
2,2025-10-28,2,8,0.6004034248165997,2.8682360132734765,0.711361985743036,0.66665000,2.5000,0.28993417613206335,0.05720223965900425,0.562087451052145,0.15509636946840366,0.014282115252793774,0.2760615794114567,0.08330054713208768,0.011123356042470757,0.2602806223929305,0.2906896690656557,0.06410376158622023,0.56405542324809,0.25378421410738367,0.030681160246144396,0.416750270416745,0.237780090062444,0.2318921273475987,0.86878773306639,0.3876467547110748,0.028272973647540355,0.4105641332954365,0.06250824768311035,regulation,0.22301991076517516,1,,,,,,,,,,,,,,,,,,,-0.66665,,0.0,1.3054403701781865,hoch
2,2025-11-03,4,16,0.18077242426512838,3.65001407741188,0.7057790665657109,1.00000000,3.0000,0.4829653853243014,0.003834845987684751,0.15402454227667747,0.12142215711500767,0.010101521194544414,0.22957442809356624,0.13486733967440326,0.008695752905052525,0.21914021767041947,0.37233952221720973,0.003555080042966876,0.14014223121209501,0.42345214190656044,0.00310617029481078,0.14818451842414,0.434514320879183,0.001783359215626649,0.10495259495492,0.4321278660652758,0.004066857347450039,0.14703019446438248,0.005020512426876576,kognition,0.34233166005883414,1,,,,,,,,,,,,,,,,,,,-1.0,,0.0,0.37789336645503213,latent
2,2025-11-04,3,12,0.44564636959243115,3.7728665308954246,0.6308167527393554,0.83333333,2.6667,0.44597293389758996,0.038553565873199434,0.40047168914638337,0.10090993326010382,0.010768612360342827,0.23836219049073068,0.15507021652210065,0.02637681211544514,0.3895584277161686,0.3055624001591233,0.03548779418669499,0.34875721784214336,0.37946233802037915,0.032537655257144284,0.3085557974244833,0.34584406248408256,0.07125617397918325,0.4383438526052199,0.2792003340189532,0.06459673239551728,0.5333130741621871,0.03993962088107532,kognition,0.1996018053046933,0,,,,,,,,,,,,,,,,,,,-0.83333333,,0.0,0.5869951804826046,hoch
2,2025-11-10,4,17,0.36869604215550933,3.5184785699805574,0.6571896868585121,0.87500000,2.5000,0.4249281443565046,0.034241735713401826,0.4070677447942125,0.15296490608606989,0.011298630399086202,0.261178252484932,0.18398216319020747,0.01690856540234445,0.30829883647730627,0.3461432486698978,0.025112586767687375,0.315262528981165,0.3642367037678651,0.019191793911964822,0.2852703059045657,0.3739382982603323,0.08309665419182409,0.42481396832076,0.34612109637858823,0.01144102379514354,0.23338501749436324,0.028755855740207472,kognition,0.105521579526522,0,,,,,,,,,,,,,,,,,,,-0.875,,0.0,0.1673183529684112,latent
2,2025-11-11,2,10,0.14717203350410898,3.85600230979979,0.5561439457190562,1.00000000,3.0000,0.453215385556489,0.0012657662918181493,0.09702862173287999,0.1566796586960409,0.006900561969509108,0.21430482735294898,0.2098897902771698,0.0071512574986962955,0.226579732127676,0.40030037809152597,0.0009362303000566856,0.08799450698022501,0.385589337317633,0.0012740640329134585,0.10375904381197998,0.45131900631572297,0.002616560108706011,0.147197066803895,0.436212669753824,0.0015846887777740389,0.111561582028645,0.0031041612827819635,kognition,0.1377619967263005,0,,,,,,,,,,,,,,,,,,,-1.0,,0.0,-0.3825073184077433,niedrig
2,2025-11-17,3,12,0.18746022828092582,3.9109258052511415,0.6012633712956769,1.00000000,2.3333,0.49453291589863085,0.007252831885224534,0.22371912399369334,0.16220607231568326,0.003301321513091478,0.13483869708472365,0.2183689783628299,0.007749262410150771,0.21220046177254034,0.36597597486297495,0.0020911954812319333,0.11308866734575,0.4154516795810767,0.001385347233120398,0.09784522021336335,0.4384055023241,0.0026151111971669527,0.13338506091500332,0.36067449153084147,0.012935735316751623,0.275329863862544,0.005332972148105385,kognition,0.09875360899078643,0,,,,,,,,,,,,,,,,,,,-1.0,,0.0,-0.3854682835345554,niedrig
2,2025-11-18,2,9,0.2228584862500142,3.460528802960365,0.37300636786297775,1.00000000,3.0000,0.4941082737091882,0.009005485796716763,0.24548288905561502,0.10814582519798883,0.009851796813530642,0.25926446947869974,0.14761153099962687,0.009745400655731918,0.25552290311106146,0.35211383654425876,0.0050897517167639164,0.18904552539464003,0.42320843900826954,0.005988635113413979,0.19939275637448,0.4550248455242358,0.004733190779637438,0.14296997905007,0.39946664717457797,0.006847769200247066,0.22739555587310498,0.007323147153720246,kognition,0.09981316095707034,0,,,,,,,,,,,,,,,,,,,-1.0,,0.0,-0.4967946976597347,niedrig
2,2025-11-24,4,17,0.18921955583239322,3.476880929207592,0.8093199441687149,1.00000000,2.7500,0.48998097482119246,0.007281883808032629,0.2198979595387125,0.07348893159080568,0.007049805448870263,0.18555343970479105,0.16891589636786256,0.0037943632117496138,0.16026511735772725,0.3492667209486862,0.0037988255129621047,0.150900907962565,0.4113490695903681,0.005165449675756898,0.16699010425518251,0.47850659976733617,0.004109103400077191,0.1534784955385225,0.39862858924239486,0.006117620387228795,0.19764305231506002,0.005331007349239642,kognition,0.048711976843376116,0,,,,,,,,,,,,,,,,,,,-1.0,,0.0,-0.3543502309180525,niedrig
2,2025-11-25,3,11,0.4006195843141072,3.5738556209155696,0.5287450253139451,0.83333333,2.0000,0.42792882394615,0.0390138861987171,0.3975023821099166,0.12801384198255597,0.012323610831514495,0.265826270578794,0.18524089244340788,0.026092264073047433,0.34231889981042135,0.30868948869122365,0.038275875875563234,0.3654744127193233,0.3444271886798603,0.024328597788739817,0.2583619053800667,0.3788973767072917,0.07712020875773365,0.47901206955120995,0.28681869060106663,0.04914033230318555,0.38193087586392,0.03804211083264304,kognition,0.18878146480361901,0,,,,,,,,,,,,,,,,,,,-0.83333333,,0.0,0.42389768037584163,latent
2,2025-12-01,3,12,0.2128655516908151,3.5716990966888,0.539257818172571,1.00000000,2.3333,0.44765249629650167,0.007581403537092511,0.21253341265839332,0.13322340158559265,0.0102606793943889,0.22435232816054432,0.19785411600400282,0.0081888046610864,0.22904266195389067,0.4094717549369125,0.0028078592121454347,0.10375971991756,0.36468144534592,0.0046100273678153425,0.17047271180731668,0.487730306669305,0.005421099767043108,0.17815484660698666,0.38786218189053995,0.007047252746999366,0.20690911664068,0.00655958952665301,performanz,0.1822003020020139,1,,,,,,,,,,,,,,,,,,,-1.0,,0.0,-0.09010703723230196,niedrig
2,2025-12-02,3,11,0.354364784550476,3.239267656516567,1.0806114128723314,1.00000000,3.3333,0.38556517974309673,0.04482137763650553,0.5126729235709834,0.1670085925511311,0.014504888109995208,0.30135180402856365,0.2047567141486386,0.026158331860144105,0.34575618376000666,0.41313927617312496,0.010534566974392286,0.2531239228438833,0.3129982452981262,0.02472058769140313,0.35902374533231834,0.45729663458010195,0.0017982935919569135,0.10199892342016335,0.3986419911592091,0.010325389137485298,0.21122149485180333,0.018980490714554637,performanz,0.0936532777345636,0,,,,,,,,,,,,,,,,,,,-1.0,,0.0,0.2328431638264896,latent
2,2025-12-08,4,19,0.19220663032841734,3.579401512984385,0.4966482680225505,1.00000000,2.5000,0.48485890499280493,0.007033271410694699,0.22152908318712,0.14113861073460265,0.004305070242045861,0.16573342334941624,0.19716872617624484,0.008376908823557657,0.23034790144376377,0.3637883039018609,0.003091195477221843,0.15278535348091,0.3965223369434696,0.002805708720270998,0.1411769162521975,0.4596490958903343,0.005290446101279728,0.189457169140755,0.39078998274230925,0.0063540059653200255,0.20489348107871252,0.005322372391484402,kognition,0.14165118373778335,1,,,,,,,,,,,,,,,,,,,-1.0,,0.0,-0.2518217414484837,niedrig
2,2025-12-09,2,9,0.21626022676331402,3.4439626030662254,0.5068469740299553,1.00000000,3.0000,0.5017574693177496,0.007438405070569378,0.20266300567856002,0.10026294275445657,0.007808259575971323,0.2161959299703265,0.18204724110088796,0.00939970859005491,0.23196091495307897,0.34565064674961554,0.0030741474196634994,0.145451198909115,0.407420457511026,0.002247220065049077,0.12395894822683498,0.4677746914359098,0.007996053073575118,0.23024006241663503,0.38184852284447174,0.010118883189031796,0.26419582823095,0.006868953854845016,kognition,0.052713941864595715,0,,,,,,,,,,,,,,,,,,,-1.0,,0.0,-0.5249267423638996,niedrig
3,2025-09-03,3,15,0.37467695198729234,3.4112548538361467,1.0072193386494643,0.86666667,2.6667,0.4601658727678873,0.029998907578793674,0.3224058688713,0.06904441113836295,0.0065844866595380185,0.2154639661961412,0.12387311458139554,0.013422712359068605,0.2879692133856056,0.29588546887535533,0.02972339158508548,0.35570357251331,0.38651253738376196,0.02947821930398115,0.3806305015397733,0.381538812239466,0.06283303296329824,0.49782194292784326,0.35287415423715335,0.05147387884585419,0.4218165465542299,0.03193066132794562,kognition,0.0,0,,,,,,,,,,,,,,,,,,,-0.86666667,,0.0,0.2032918596659828,latent
3,2025-09-10,2,10,0.2544795713539798,3.40971132745823,0.7150086577358836,1.00000000,3.0000,0.482013573412719,0.015031708593088838,0.32114279950720004,0.1520565467588741,0.01641788515784432,0.3243439552755365,0.19295610268453656,0.01002795432120102,0.25999225799052716,0.38638796131437303,0.01041951873101948,0.258649687097695,0.402913189815621,0.006518543540967486,0.20063495771904497,0.44085733800058596,0.003526860643251358,0.16774284670251996,0.361793799555829,0.003977243660585142,0.164072369160845,0.009417102092565379,kognition,0.15555939713804423,0,,,,,,,,,,,,,,,,,,,-1.0,,0.0,-0.06122237393636499,niedrig
3,2025-09-17,2,7,0.18791543216755452,3.7927614335859623,0.5869011342101049,1.00000000,1.5000,0.5030294028567979,0.003954228992357317,0.14290131522976002,0.15895523546467477,0.013331160363089786,0.24475192887605499,0.2239269689330557,0.008765592604234484,0.2099716049012455,0.3659924035091221,0.0036358680708198123,0.15594394828195499,0.41742773794922294,0.0019910079567832142,0.10414228522757499,0.45106623520845124,0.001226310272624682,0.08333418995916003,0.34353828770181916,0.003176721895640015,0.135308779011785,0.005154412879364187,kognition,0.05012571924898883,0,,,,,,,,,,,,,,,,,,,-1.0,,0.0,-0.5159343807262639,niedrig
3,2025-09-24,4,17,0.1480123135715976,3.2960729113207643,0.5265069326556343,1.00000000,2.7500,0.5237770674361393,0.004907020474779179,0.18233235341906,0.05333173710410931,0.0011130858001481623,0.08273107611308342,0.1500958759750985,0.0033588450225003254,0.15311787761268097,0.3174100038026472,0.00353520052884395,0.1502636704880075,0.46449337551529873,0.0023212476912839817,0.12490856817113001,0.45376217905636906,0.002924007681036691,0.14161686269524248,0.3851693866795626,0.0044765167772387645,0.1495615223872725,0.0032337034251187224,kognition,0.1528190419903699,0,,,,,,,,,,,,,,,,,,,-1.0,,0.0,-0.36537749333608416,niedrig
3,2025-10-01,4,16,0.2272013854121652,3.6228695541294695,0.7657541494704025,1.00000000,2.5000,0.4557906612983704,0.009653072810482327,0.24058609856316496,0.15481198638443142,0.01089374394791031,0.26308303751716566,0.20137398498894699,0.010801477791079199,0.2583137652689315,0.39270008037205145,0.007688298445072148,0.219643565442445,0.3840253077701952,0.006375844853081739,0.2030927348998475,0.45979167136962185,0.002076378628204304,0.11072885149882497,0.38529846450256744,0.007912152753199935,0.21551202420923998,0.007914424175575708,performanz,0.17242364650087696,1,,,,,,,,,,,,,,,,,,,-1.0,,0.0,0.07677517242846177,niedrig
3,2025-10-07,1,3,0.228682961714701,3.4444416379738665,0.7550483580823204,1.00000000,2.0000,0.44728125898023335,0.00363291822734813,0.14692961148917005,0.22464321804517098,0.01600426527162228,0.281842392926797,0.2025044524651287,0.02323180410924688,0.34135207642076404,0.4235751159611167,0.0021151968922833993,0.11117291147410996,0.35802556541141,0.00020452362490497693,0.034918219483900004,0.4285040841107033,0.0040600060014728805,0.14043899209633004,0.40614144859463996,0.0030471828517288544,0.13360886513226,0.007470842425515344,kognition,0.08940182507912568,1,,,,,,,,,,,,,,,,,,,-1.0,,0.0,-0.1362076172502844,niedrig
3,2025-10-15,1,4,0.8644537142159755,3.6022412642775246,0.8033910328389469,0.50000000,3.0000,0.2789074454239875,0.08823488615391764,0.776451585975,0.0141052499907219,0.0161768509161848,0.35962982191537995,-0.0006360180888077549,0.03812778833936761,0.51774396303533,0.1818735226324075,0.10463733914907604,0.7813032612998,0.20918899849272998,0.07728579091531905,0.71655367847663,0.23255868404732996,0.22883756702954694,1.2071003799374,0.20929313324479748,0.1939800015183834,1.0878252104006298,0.10675431771739936,kognition,0.5212080878043684,0,,,,,,,,,,,,,,,,,,,-0.5,,0.0,2.7869696449661485,hoch
3,2025-10-21,1,5,0.29780919515116744,2.97897041264038,0.9728156572522922,1.00000000,3.0000,0.5040258980271879,0.007257113243220708,0.24611931045219004,0.20419159310600996,0.031259848072504745,0.487437991676557,0.265236519882784,0.013853391183211347,0.36384983968121,0.40777702363464596,0.005940055198656255,0.23841010003945,0.3514004152077,0.007596247400348086,0.25779455208963,0.398827336872284,0.009023416442322551,0.27999519757428004,0.3104632979620222,0.013760245176322447,0.324799196968459,0.012670045245226592,kognition,0.5163685582402753,0,,,,,,,,,,,,,,,,,,,-1.0,,0.0,1.0812989107773843,hoch
3,2025-10-22,3,14,0.44732963270050385,3.561672111756287,0.7152821921937084,0.83333333,3.0000,0.4658818471675077,0.03658307755696721,0.4435536403537867,0.05353099196402897,0.010996488272281555,0.278119167991505,0.14942340834906778,0.023659594592962813,0.39626896432659625,0.29721518751678616,0.04301526225194121,0.43929445605579337,0.3414570173099998,0.023678432935912524,0.29140424541396004,0.376049430309595,0.07442442860398286,0.48908287187352667,0.2742398318986852,0.0725846122793015,0.571853036502927,0.04070598521333567,kognition,0.22742037165587156,0,,,,,,,,,,,,,,,,,,,-0.83333333,,0.0,0.7244258762014113,hoch
3,2025-10-29,4,16,0.39131529893683686,2.940599893230793,0.7454848589526277,0.90000000,3.2500,0.41374269484409376,0.02599497675475654,0.38498652975015996,0.13552369502005485,0.020810638818266947,0.3168584463927929,0.1312419226721193,0.013842631799973635,0.28346273849215853,0.34912260610160334,0.02877280926420862,0.3362073569373125,0.34573283737354543,0.02639928471673239,0.3644584533158875,0.38833893139414083,0.04826733510281391,0.4116801327972075,0.37212313382453105,0.05233170442431661,0.46873776962768243,0.030917054411581237,kognition,0.14905266302561476,0,,,,,,,,,,,,,,,,,,,-0.9,,0.0,0.3539899896861783,latent
3,2025-11-04,1,5,0.19128007171886255,3.8717199135351805,0.3173460238406882,1.00000000,4.0000,0.45712899974594395,0.006115138590921771,0.19433745335846003,0.1203981585020498,0.009937741028024381,0.21929283876704297,0.1723931070341196,0.006283633843010112,0.22058498359342202,0.393823727170904,0.004549234437413176,0.17571993817096,0.42136015493479595,0.004604681689879371,0.18064983342153007,0.43110580912636803,0.0012925050988180664,0.09202066581148999,0.43787097036957395,0.003805131148706336,0.15615791897962,0.005226866548110457,kognition,0.13294374189885214,0,,,,,,,,,,,,,,,,,,,-1.0,,0.0,-0.505707625395325,niedrig
3,2025-11-05,5,22,0.2568227624988092,3.369602661610885,0.7011382001188045,1.00000000,2.2000,0.4932085407671756,0.010775029800096852,0.22967714569595402,0.15311766882978625,0.01892262517454737,0.3544417067394978,0.18442993393722673,0.015120455256041106,0.2946165420176994,0.39308384256748063,0.00898357601380059,0.21301170365037198,0.3754964240208678,0.004822457727380402,0.18229626501346,0.4273444593017966,0.0033690869006981726,0.1425767737714,0.35975685085743747,0.00864703896755425,0.21926984804436142,0.010091467120016963,kognition,0.10362035273302098,0,,,,,,,,,,,,,,,,,,,-1.0,,0.0,-0.19089856311905407,niedrig
3,2025-11-11,1,4,0.13163210205459222,3.128896989054775,0.5174968108857909,1.00000000,2.0000,0.534013895537195,0.0019603424770014213,0.10951560027974,0.057192277483135504,0.0008326988461270769,0.073414338918792,0.14569478709377598,0.0068239394957399875,0.20387392615147598,0.3071957077167825,0.002477966114157247,0.13923663948478002,0.48608713072917753,0.002178794724498447,0.1307473382159,0.444849062412585,0.0009326824543675256,0.08239406573201002,0.38007504543348,0.0021205861794188776,0.11764349436082999,0.00247528718447294,kognition,0.18081339984406625,0,,,,,,,,,,,,,,,,,,,-1.0,,0.0,-0.3265088231716875,niedrig
3,2025-11-12,3,14,0.1836785349307426,3.955626735706453,0.6163238081478768,1.00000000,3.6667,0.4897597849558686,0.008629782088994224,0.24396981384008667,0.08660049203459264,0.003260155923211542,0.11576561565605169,0.14353459097497287,0.005663152193047108,0.18326876122216332,0.3682207987876877,0.006404880072354935,0.20783163441454333,0.4303347810232098,0.0024708664572888257,0.13058688695621665,0.44640281300267154,0.00276268857428035,0.1450956558484067,0.40789537311190177,0.005065315601484026,0.16837829489274334,0.004893834415808715,kognition,0.10216020186305548,0,,,,,,,,,,,,,,,,,,,-1.0,,0.0,-0.3734983662237751,niedrig
3,2025-11-26,4,16,0.2648045338163413,3.439786906472549,0.7049770835673823,1.00000000,2.5000,0.49618744551420735,0.014140338528097518,0.30713670653106745,0.15182477639558697,0.019231547504407843,0.30671150216584675,0.19739319774070885,0.01287496198664929,0.2773841449190457,0.36268424312019487,0.010188355279607639,0.25121944313069,0.3982082901022037,0.007795633605961312,0.17856807159100999,0.42455858678417063,0.0022717263482094022,0.11625664239160499,0.3705900856034019,0.008141758817306884,0.2387256694864225,0.010663474581462844,kognition,0.10063742433179056,0,,,,,,,,,,,,,,,,,,,-1.0,,0.0,-0.1825840281125533,niedrig
3,2025-12-03,4,17,0.4041577556171464,3.316674843908933,0.8984471802369856,0.90000000,3.0000,0.4641225182814769,0.03496567195523344,0.4442099595826725,0.09486778217157474,0.014280743886592742,0.31394363043253276,0.1469376129778769,0.01953063752726806,0.34447809028744825,0.3136559170636789,0.024351082819857532,0.37409362187067996,0.36542435738587487,0.03320447024517425,0.35801581055850323,0.412279676051315,0.0466574449591446,0.3889182354862975,0.30742172545702795,0.04053786126797788,0.39780985503718524,0.030503987523035497,kognition,0.12015656934123095,0,,,,,,,,,,,,,,,,,,,-0.9,,0.0,0.40523692454529714,latent
3,2025-12-09,1,3,0.36387039728147014,2.5812263598812,0.8261454357851526,1.00000000,2.0000,0.6063023177769299,0.029082333847060587,0.41768459776759,0.094128527890999,0.006231679249542016,0.16953415104053898,0.2034831880213277,0.00788377237883181,0.217472672025037,0.25925690916332467,0.02396119230052236,0.36860327559648604,0.41929683553663666,0.00616516886176402,0.18850196014367,0.33360711176553465,0.028780697194180842,0.369838844511646,0.3088750120100883,0.030296822185873252,0.381399920257215,0.018914523716824984,kognition,0.18832425312265477,0,,,,,,,,,,,,,,,,,,,-1.0,,0.0,0.288532424546855,latent
3,2025-12-10,4,18,0.2689391519594201,3.304093235117742,0.837430589356524,1.00000000,1.7500,0.5484152647983792,0.013828824164732963,0.2798790734808125,0.09448119109059763,0.006977733636273436,0.2190040528388385,0.1756686719756531,0.0043213528168201155,0.16104010297695476,0.28635017699041515,0.015878622429457732,0.28454906774399075,0.42485661582301176,0.002126679140895792,0.11909292733905746,0.40390406178027893,0.011467441612865262,0.2424824179690575,0.3462626878579594,0.027413498638852667,0.38543773957343,0.011716307491413993,kognition,0.10596762893352446,0,,,,,,,,,,,,,,,,,,,-1.0,,0.0,-0.06042241554791376,niedrig
3,2026-01-21,3,13,0.40362510843474403,3.609514697376307,0.749114101152457,0.83333333,2.6667,0.39130695155356404,0.036542785968659945,0.4485436812533033,0.17832507866477912,0.006413827400523773,0.19653791575000099,0.20052098944164765,0.010614328421705762,0.26875263479739336,0.33923996903638404,0.02010997718554113,0.31499947927898336,0.3544419952479982,0.02013710011896376,0.2868841928391733,0.34275577062761337,0.11838509963335037,0.5673407173289,0.3631035118689115,0.02127309210194504,0.31850108877789735,0.03335374440438425,kognition,0.2100207918641902,0,,,,,,,,,,,,,,,,,,,-0.83333333,,0.0,0.603919871156867,hoch
4,2025-09-02,1,5,0.30888087541627773,3.5787744637395997,1.1111833356996215,1.00000000,2.0000,0.514729261703918,0.03361248309911178,0.56397913710024,0.129224439671633,0.016173103696417092,0.339716555891001,0.2133204057952224,0.01618955319080335,0.330202224904528,0.3411972506871,0.014098678594784133,0.36083081159052,0.392564668176438,0.0075552093380681805,0.25043529626918,0.41565594402017203,0.0024858247214555275,0.13402919854277,0.366255653848628,0.005292542557286008,0.21162901402548,0.01362962788541801,kognition,0.0,0,,,,,,,,,,,,,,,,,,,-1.0,,0.0,-0.0633122487813935,niedrig
4,2025-09-03,4,18,0.19972211941341023,3.7074427411510036,0.6756654145078309,1.00000000,2.7500,0.4944301977606306,0.007671158052597147,0.241525613004975,0.11366212620890548,0.009476709158812512,0.236611599860447,0.17118965297120842,0.006141536386649841,0.201430459022182,0.37336867564287096,0.003404746492333824,0.15388490137059502,0.4173346778159567,0.0026733008920895034,0.1180279480683125,0.45113739208042963,0.0023266238998931846,0.13439806870649001,0.37690271413022847,0.009772906369187477,0.24333520280186322,0.005923854464509069,kognition,0.07382469059280553,0,,,,,,,,,,,,,,,,,,,-1.0,,0.0,-0.3747429395286359,niedrig
4,2025-09-09,1,5,0.8051039635229088,3.2994347133316198,0.7382033150934891,0.60000000,4.0000,0.29010198185488,0.07259389181599642,0.77993815240574,0.1265909524588966,0.02777136069961204,0.48335680329839,0.1289570597593872,0.05062490341554819,0.6003815240095001,0.26531944018438003,0.1062305023138022,0.92588706514829,0.243692565463724,0.07190993157359989,0.72326702480312,0.22926548433637803,0.16802704797101786,1.09660507400435,0.22944221842422802,0.15103475429072075,1.01543131576978,0.0925989131543282,kognition,0.3955992012099857,0,,,,,,,,,,,,,,,,,,,-0.6,,0.0,2.1610529113011125,hoch
4,2025-09-10,5,24,0.29920951425053577,3.63063249216419,0.5431360512867933,0.92000000,2.6000,0.4700886535275046,0.023432614523496965,0.31511257797831,0.1184592225350086,0.011301871036979123,0.28537941491550384,0.14558084465705384,0.014715664292130674,0.3353952874613041,0.3358745354564272,0.02028328882584987,0.265765712459064,0.39717779282964266,0.01591529451334477,0.20972884770963202,0.40218865907250334,0.03701159626227824,0.303384097073376,0.35501761551048217,0.026575200341186385,0.310475977926224,0.02131936139932372,kognition,0.32702449210766227,0,,,,,,,,,,,,,,,,,,,-0.92,,0.0,0.4513919203440805,latent
4,2025-09-16,1,3,0.17068902442419256,3.7932383646249335,0.47810245154633363,1.00000000,2.0000,0.47638736751513,0.0049270529936994495,0.15896478989115004,0.20750797625809667,0.005260766461262543,0.17739919953268002,0.19555965479297668,0.004373884813076379,0.16198337185649003,0.3789872163494266,0.0076509844767389925,0.21417969443316998,0.4046928315612633,0.0022400628917421425,0.11146098699908003,0.44557357140112,0.0006860281492244253,0.06394020560378,0.3958136350083266,0.0039959632731386766,0.14993537627436004,0.004162106151268944,kognition,0.1262100657066834,0,,,,,,,,,,,,,,,,,,,-1.0,,0.0,-0.4347992754902288,niedrig
4,2025-09-17,2,7,0.17413649222985877,3.9727313685230334,0.4442602479600403,1.00000000,2.5000,0.48465091230928914,0.004512162124247758,0.16825685496954002,0.16267387963562402,0.008183168259308912,0.1954320713173645,0.1297713018124902,0.010738148595748087,0.256398363605694,0.38006954941474375,0.003967328385338036,0.131709525638545,0.412942145663905,0.0009258513695780462,0.07206201068378498,0.434354267639955,0.0012324945622791408,0.084429336410765,0.42764657867829703,0.0028976496698630925,0.125884470118555,0.004636686138051868,kognition,0.08726351750882208,0,,,,,,,,,,,,,,,,,,,-1.0,,0.0,-0.5475976477761386,niedrig
4,2025-09-23,1,5,0.16466674761096217,4.10116298181438,0.32074974861341216,1.00000000,3.0000,0.501304650677562,0.008062672927313243,0.24191491991691005,0.08275320395293001,0.004716113266987595,0.19129007921701602,0.14588536626475718,0.005018046339082293,0.21336558357458402,0.351457176610162,0.0036914420083132677,0.16804870449524,0.471382931790184,0.000301371321348037,0.046732624885800045,0.425504158855298,0.0004174983160419767,0.05596695640903998,0.408246452712074,0.004907993589685902,0.18999153323009998,0.0038735911098246164,kognition,0.10776366340265389,0,,,,,,,,,,,,,,,,,,,-1.0,,0.0,-0.6033809494511583,niedrig
4,2025-09-24,4,15,0.1856985868482717,3.490484548112579,0.543718596341157,1.00000000,1.7500,0.5373155571044206,0.004358203055283258,0.150981407261425,0.06137335872212549,0.006036397387805821,0.14279384448097504,0.16030213924332648,0.006894825707703726,0.17103402476554477,0.3320779820093063,0.00412518507585798,0.1498862341994675,0.41961414751452725,0.0024942642150980487,0.09896667138876748,0.4654475893271861,0.0041954023442709164,0.142919140938475,0.35976058084314616,0.010010984944855937,0.2098312851715668,0.0054450375329822415,kognition,0.09467652361806851,0,,,,,,,,,,,,,,,,,,,-1.0,,0.0,-0.4384477485341146,niedrig
4,2025-09-30,1,5,0.10591857511743878,4.01865742609656,0.4524805813768807,1.00000000,4.0000,0.502710908348776,0.00259536668918412,0.13434575101676005,0.0591989293850058,0.0009693149436365381,0.08411897276097699,0.11103617524016421,0.0006958582979979946,0.07400693692466499,0.37092296112341405,0.000934825279098158,0.093101817757,0.42955440384773,0.0020658645827603926,0.13229833774093996,0.455324038840374,0.0015297248784652217,0.12118749999094997,0.4368107186356319,0.0024277898837660973,0.13817197539184,0.0016026777935583601,kognition,0.10618990617874123,0,,,,,,,,,,,,,,,,,,,-1.0,,0.0,-0.5905655926470762,niedrig
4,2025-10-01,3,14,0.2611606310372749,3.65949097442545,0.7696591988386761,1.00000000,2.6667,0.43204114557456047,0.02186052508979494,0.35561108214494,0.12958758274118792,0.012737100912392435,0.29043863110704865,0.1616520087749105,0.009178095973645843,0.26101668946356665,0.38695572287839447,0.006307653614448019,0.21727009858594334,0.3760388329925785,0.018077572454975783,0.3127114006039106,0.4586446183569645,0.0030375321388888404,0.15137468491757664,0.4037635550928002,0.004931661135694327,0.18439093047459335,0.010875734474262882,performanz,0.12936323873603034,1,,,,,,,,,,,,,,,,,,,-1.0,,0.0,0.032753242090286766,niedrig
4,2025-10-15,1,5,0.20277046808258242,3.3758235146163798,0.7251090781160933,1.00000000,4.0000,0.46725872439695204,0.007163379245857693,0.22932487617285002,0.05616251945171352,0.002773579667972913,0.14893311901760442,0.087094546910453,0.005026202603062333,0.19394544611022102,0.337258157869142,0.001502442853367206,0.11199942319290002,0.44511316875304796,0.012342854590570102,0.31731557740196004,0.46387561950635803,0.0070958116242498285,0.23328073172804004,0.450286712429944,0.0052115921413495,0.17398759786030998,0.005873694675204225,kognition,0.1470483330986287,1,,,,,,,,,,,,,,,,,,,-1.0,,0.0,-0.05649404987961912,niedrig
4,2025-10-21,1,5,0.17522969717760695,3.43594536282894,1.0323816037909914,1.00000000,3.0000,0.5255963170982341,0.005219085181269325,0.21938907080185,0.1324683142757614,0.005618052195457841,0.16676084884030998,0.181200356246406,0.00684280954918039,0.22004018029683997,0.333690841455722,0.005911949475222942,0.22137430284544,0.46421100885885797,0.004333077280009875,0.18477828955843,0.41572644080501,0.0016382463620751072,0.12304369073580002,0.37813391667930196,0.0011422267297403472,0.08594662956235,0.004386492396136547,kognition,0.16119421510722357,0,,,,,,,,,,,,,,,,,,,-1.0,,0.0,0.06189254830079351,niedrig
4,2025-10-22,4,18,0.18368245390690432,3.5353564513258697,0.6411727463918593,1.00000000,2.7500,0.44518709246132676,0.005351428953635293,0.18491618722838749,0.14883726166040812,0.006754894321323291,0.20567028169360924,0.18071440610441072,0.006623324614072456,0.19419816024929099,0.4023403613208165,0.002609444539967621,0.1284666300359475,0.38375175277717,0.005253692771835363,0.156879273413085,0.4854056061481365,0.005208489305175029,0.16512651715628,0.3984788007818734,0.0031185462974348374,0.14543730482184752,0.004988545829063413,performanz,0.15228056623127897,1,,,,,,,,,,,,,,,,,,,-1.0,,0.0,-0.13188299233815512,niedrig
4,2025-10-28,1,5,0.322782349877628,2.85907667979682,0.8784519329738361,1.00000000,4.0000,0.41211641072295,0.029635455109927072,0.45054003145396004,0.16929864092349217,0.0121407332205204,0.246413501042879,0.243381832282342,0.008884243977031834,0.24241913975622004,0.396581129938538,0.01780055070707612,0.41300772341725,0.338556950803454,0.014245350813135594,0.31647034346924996,0.408099839434718,0.007225988131730041,0.23217672581896998,0.446793231404164,0.0142561234331024,0.32958590522549003,0.014884063627503353,regulation,0.1258004331503627,1,,,,,,,,,,,,,,,,,,,-1.0,,0.0,0.19925441740892888,latent
4,2025-10-29,3,14,0.2451381892360233,3.4640935183530206,0.7026470676235306,1.00000000,3.3333,0.463778019931025,0.006393899840131899,0.21244323289511002,0.17430807494617737,0.02024647074283604,0.35705789546860967,0.17782080858809857,0.013433892329996977,0.286796794379436,0.395821723302695,0.006557413355984171,0.22821101170840663,0.39873233161943117,0.005899632068304889,0.19995342503338334,0.43338323030445086,0.0034416797290918594,0.14931685392640665,0.394905315910896,0.0045823849286482825,0.18471857776004663,0.008650767570713447,kognition,0.11809116353871399,1,,,,,,,,,,,,,,,,,,,-1.0,,0.0,-0.07775308965457342,niedrig
4,2025-11-04,1,4,0.2820042802645152,3.7529152348345747,0.48779786863995084,1.00000000,3.0000,0.50141977240076,0.014405733911638777,0.26449456672933,0.16015391282907,0.014672898683515685,0.271609988007702,0.2240179080838555,0.020338852291239502,0.34326356137224795,0.37666646407772997,0.00688841258710602,0.2144839126277,0.4242030219554175,0.002441997552264278,0.12295662139796998,0.4271091191125475,0.0016139154749350744,0.09536132351284998,0.29827007986029724,0.019164603586807896,0.388954804614571,0.011360916298215317,kognition,0.11893202754523964,0,,,,,,,,,,,,,,,,,,,-1.0,,0.0,-0.27275425102680273,niedrig
4,2025-11-05,5,21,0.3442922027114858,3.5282640238294802,0.4978228141064253,0.86666000,2.6000,0.43753041113585633,0.025718122858734906,0.293880920253564,0.11569412241889554,0.008667502886677829,0.215498290785236,0.18132080562411443,0.018619542798377776,0.2953762349934016,0.3191738312590308,0.03360085855558129,0.264211992104456,0.3688039126703052,0.01744482146511268,0.25263661892923,0.38493425492771427,0.061069988568349956,0.38387038456973405,0.31193930681097426,0.04239962463798724,0.3904948736107742,0.029645780252974523,kognition,0.12736403368714205,0,,,,,,,,,,,,,,,,,,,-0.86666,,0.0,0.09386446263128662,niedrig
4,2025-11-11,2,7,0.15694977799751203,3.7871390271666625,0.5092316206186185,1.00000000,2.0000,0.5146604059186058,0.0030795408017382526,0.13568207376869004,0.10092969213236391,0.0023810723713118165,0.109266596192611,0.19740612082449,0.008932767469096447,0.21734933240687299,0.3656428323435267,0.0044834678213630024,0.17164865282227,0.40361519302544,0.0019161435988503293,0.10378365385148,0.45138308961579626,0.0004405367719385959,0.049907627102194985,0.39116890078069755,0.0034053528335847728,0.13918938906955,0.0035198402382690306,kognition,0.14314234647976884,0,,,,,,,,,,,,,,,,,,,-1.0,,0.0,-0.39005035986783443,niedrig
4,2025-11-12,4,18,0.21461151622586805,3.3834922171409265,0.6267077768680145,1.00000000,3.0000,0.48921091791401083,0.00784732961953177,0.21658407096793,0.1291278002984707,0.009021143661574808,0.235075001207869,0.19265567967142283,0.011169117948946686,0.28526312928311226,0.37558093753184046,0.006893850537970158,0.21921931852430498,0.41386816244143587,0.003005327598010231,0.12486732569478501,0.43988902847124545,0.0017303748678214712,0.1069046243154025,0.3857828871966725,0.006804627013610965,0.20728573925879748,0.006638824463923727,kognition,0.042783037941379866,0,,,,,,,,,,,,,,,,,,,-1.0,,0.0,-0.46528539593800344,niedrig
4,2025-11-18,1,5,0.22382180420803763,3.6242354379027804,0.6211233006610676,1.00000000,3.0000,0.548799364795906,0.011570290317669993,0.28454279021492,0.0869730162831646,0.00785951074532209,0.225795998304708,0.19632998531288798,0.005906662639177154,0.21267633732781,0.315562701604594,0.013874376615556355,0.33876249895998,0.44642149754041,0.0032061247050757325,0.15315111662472997,0.4377336768100479,0.000938287583728311,0.08088113194435997,0.334850465726518,0.00674094743241149,0.22344518637647998,0.007156600005563019,kognition,0.11225851730092487,0,,,,,,,,,,,,,,,,,,,-1.0,,0.0,-0.2855081752985448,niedrig
4,2025-11-25,2,10,0.6219612468760212,3.15568003080236,0.6493232611201659,0.60000000,3.0000,0.35077864576594503,0.08035701384398687,0.6798874807106849,0.1268703593449641,0.018823123775345486,0.3731797689330605,0.1124496126763742,0.030108350847805415,0.384972518642384,0.22656234654274798,0.06717670404896031,0.622029999540115,0.291973860484517,0.05942089197166265,0.534615831571835,0.203608657203077,0.17230711003250934,0.77935863840348,0.21891239681711475,0.061234012889233885,0.5464779524564849,0.069918172487072,kognition,0.3845402664011451,0,,,,,,,,,,,,,,,,,,,-0.6,,0.0,1.7016333827163825,hoch
4,2025-11-26,4,17,0.34406382768350335,3.539672636808901,0.60614836102763,0.90000000,3.0000,0.44966914352274534,0.02624492695307763,0.31560099898648997,0.08864673299693648,0.023314911784708674,0.31555188963893754,0.16487458530767082,0.019905823518607237,0.3283577780403475,0.3433856836526246,0.024839389768569756,0.2977612357739125,0.37899721755211624,0.019111458046669916,0.2767211520650125,0.38222073178273697,0.04459864505118407,0.3638057249235125,0.34742541709445496,0.0369830379786999,0.3658629597724725,0.027856884728788167,kognition,0.2891839903044952,0,,,,,,,,,,,,,,,,,,,-0.9,,0.0,0.5221217570340264,hoch
4,2025-12-02,1,5,0.14928124382179112,3.66626547492746,0.7485404021570714,1.00000000,4.0000,0.48496886089878605,0.0009214799884315478,0.07470869782257,0.1170201371560972,0.0048323085017331,0.156914671159041,0.192454847096648,0.004852160438194551,0.18166682473182,0.37438287426099,0.0013390375094820656,0.10618278045459001,0.436859919736926,0.00522377459633346,0.20984436215395003,0.436025649425532,0.0015122226235125466,0.09847865131163003,0.413103482780884,0.0036039060992937777,0.17151767331156004,0.0031835556795687214,kognition,0.11970499803831965,0,,,,,,,,,,,,,,,,,,,-1.0,,0.0,-0.28348967747936116,niedrig
4,2025-12-03,2,10,0.30283691099662025,3.17854870230418,1.027022861428721,1.00000000,3.0000,0.4928587275709211,0.018169109378497767,0.363207588458585,0.1315466420297944,0.014575670947540796,0.28419650454511153,0.2265240767975301,0.011657407782241206,0.3197683242961195,0.34855226010681867,0.013013756286455142,0.32090081137769644,0.39816280659730297,0.004605306268952654,0.196487858808445,0.44163548432799693,0.013409051253129207,0.319838910902475,0.33537603836647,0.01670166255444324,0.344007261167115,0.013161709210180002,kognition,0.09834477519478232,0,,,,,,,,,,,,,,,,,,,-1.0,,0.0,0.10615389873357481,latent
4,2025-12-09,1,4,0.1685471535987,3.2633179014366,0.6473475615966192,1.00000000,2.0000,0.513238279535265,0.00265456259302913,0.12599381318112002,0.12364896187432173,0.009604705095679737,0.21982352228490099,0.12406496736448624,0.008072558844546369,0.22954448990895698,0.37636293797702997,0.00423076671418369,0.16165177859578,0.4165480551596925,0.0026349108431314703,0.13027602180555997,0.4534338829354675,0.0002263570893114945,0.04231229859897001,0.3958877813308675,0.0009842818063418835,0.08637623371566999,0.0040583061408891105,kognition,0.1260471856508886,0,,,,,,,,,,,,,,,,,,,-1.0,,0.0,-0.3147469432103962,niedrig
4,2025-12-10,4,16,0.35815832255312674,3.469262633014936,0.7987739393645614,0.87500000,2.5000,0.46497454720443226,0.029144541954625864,0.3367665190487875,0.09863441458951831,0.009835781495994258,0.24313502790413297,0.1512513418338119,0.017733707986445666,0.30212630555814146,0.30240717115751287,0.026758954735349158,0.3015154696937275,0.3773224492288953,0.024634476374690045,0.2840274403275025,0.37812530539932393,0.053054971276975914,0.3710699724167475,0.3393185649488758,0.05023116057030031,0.449585412846415,0.03019908491348303,kognition,0.13990631183132254,0,,,,,,,,,,,,,,,,,,,-0.875,,0.0,0.35480513144716364,latent
5,2025-09-04,2,10,0.21468513701841713,3.93664127049901,0.6066086529620083,1.00000000,3.0000,0.476617935356278,0.009343673365875715,0.241708246892035,0.16862809911854001,0.013305878369879726,0.296366837509343,0.1889149023541315,0.00649892709855039,0.2028406554710125,0.398669436879404,0.006208252861056634,0.181480327116485,0.38769942068850793,0.00717746496867492,0.20279636628283,0.440758779280082,0.0024682347477191454,0.135549382859525,0.389288018438536,0.00444086725590341,0.19208792619373002,0.007063328381094277,kognition,0.0,0,,,,,,,,,,,,,,,,,,,-1.0,,0.0,-0.5813973167723031,niedrig
5,2025-09-11,3,15,0.5792654821468438,3.2309046420834733,0.5993030765332811,0.73333333,2.3333,0.383746622785656,0.06049394522652899,0.5659215913614299,0.11220552986964433,0.012128762923064798,0.27889767557402334,0.08849613547281333,0.020771329375990275,0.402153195458043,0.28053591318219334,0.05804213350810069,0.5965894190490534,0.32592946056714933,0.03982995872979369,0.4628014076687667,0.30068732033736334,0.1588521713304414,0.9197434423727833,0.3341274824702218,0.05609200774258499,0.5287101786764444,0.05803004411950069,kognition,0.24965230119982507,0,,,,,,,,,,,,,,,,,,,-0.73333333,,0.0,1.0659169279192406,hoch
5,2025-09-18,3,14,0.21809247682842778,3.7010440140393417,0.478635562785934,1.00000000,2.0000,0.473330755324878,0.006055973444370476,0.19603107802794997,0.17062951888588485,0.012423524018065507,0.27491699724952334,0.1902116694491441,0.014462275396587078,0.30673723793207647,0.3989318611886423,0.0036338466907924563,0.15306830062593,0.39533542495049917,0.007438907457318868,0.18194680351877665,0.4435668607222252,0.002148340787070949,0.12240591755972664,0.3474450551196206,0.005703601267589464,0.20041335011334668,0.0074094955802564005,kognition,0.24740945484288746,0,,,,,,,,,,,,,,,,,,,-1.0,,0.0,-0.0625999656615577,niedrig
5,2025-09-25,3,10,0.14583644596045758,3.9956661548990584,0.304226660937509,1.00000000,1.6667,0.5069158746315026,0.0014917324637203817,0.07948217404529001,0.14049383194925058,0.009562874189042173,0.213891666238039,0.15291842706995476,0.004023419371910231,0.15647999888599265,0.36884673893132996,0.002451846503425932,0.11628486470875667,0.4101890619701442,0.001331333426662704,0.08494239977408334,0.44678856322150917,0.0008961409391773817,0.06170851693805999,0.40724810713005416,0.0016947682246174348,0.09513856483126336,0.0030645878740794626,kognition,0.09021881901156384,0,,,,,,,,,,,,,,,,,,,-1.0,,0.0,-0.684500870629071,niedrig
5,2025-10-02,2,9,0.20219389424588163,3.459709345007745,0.7056636363965565,1.00000000,2.0000,0.5357154858820903,0.008269416587114596,0.23963412524036998,0.10693998982310285,0.007769878146047055,0.231638690534926,0.16354172612176687,0.00541998790584214,0.19331406472561852,0.33750111245514147,0.010143470252090104,0.265329103814415,0.4329813153348965,0.004261236009721175,0.176000112904035,0.435471462365868,0.0016145066561800234,0.10395553404448502,0.37421251598009847,0.003928656911034379,0.15643608874296,0.005915307495432781,kognition,0.06920689690621327,0,,,,,,,,,,,,,,,,,,,-1.0,,0.0,-0.3616163566982603,niedrig
5,2025-10-23,2,9,0.26494570457177796,3.567182601881475,0.6390206789515713,1.00000000,1.0000,0.5716414203057374,0.006715540889618439,0.20757363544089005,0.10531821416124028,0.024624477130842294,0.4275529276064825,0.13862262167950906,0.005162548625018906,0.1874383769716675,0.29785656862615656,0.01000756405185569,0.24601392155531351,0.42889752455129526,0.0034684484867851637,0.15136432587601498,0.425932129940097,0.0039286687009369905,0.1370111261209,0.32566600377753574,0.019835925839305962,0.3445444847409615,0.010534739103480493,kognition,0.07713880086862399,0,,,,,,,,,,,,,,,,,,,-1.0,,0.0,-0.28910668000322987,niedrig
5,2025-10-30,2,10,0.4777621564156484,3.7140583036961297,0.7221791144534172,0.80000000,4.0000,0.36103729187313394,0.042609694273414864,0.50127883238003,0.1558439674298044,0.009165358995176807,0.281810064863928,0.1773511977198075,0.02334653834562593,0.37442547833859496,0.34842691817231,0.04418554995995156,0.499576082869825,0.318570552425766,0.027014568160371486,0.40075145226718,0.34721825819196495,0.1525565747814242,0.75632423243966,0.3524259024750417,0.012916629971042658,0.3187612350336265,0.04454213064100108,kognition,0.26466624279233486,0,,,,,,,,,,,,,,,,,,,-0.8,,0.0,0.9153885649958877,hoch
5,2025-11-06,3,13,0.4375125440038646,3.2175504990475203,0.6503108043879827,0.86666667,2.3333,0.43758546596131204,0.03879113889776078,0.45706457757161667,0.0884088303054773,0.018449875881754407,0.3480422561007597,0.17594539765406236,0.027657526625903928,0.43560594575322437,0.3115071663710293,0.03395864577039317,0.38656806517667003,0.35885959869263573,0.027495064480585755,0.3311215286442133,0.39666333408510557,0.05575660447888806,0.4645676737953334,0.28681790579924377,0.05442646880987446,0.46533910266128004,0.03664790356359437,kognition,0.14193166323652995,0,,,,,,,,,,,,,,,,,,,-0.86666667,,0.0,0.3929945636873209,latent
5,2025-11-13,3,11,0.20567374694787258,3.486477610137481,0.45346938693621924,1.00000000,3.0000,0.448341954800717,0.007290281533288179,0.17124719655690326,0.1503230069041963,0.006437763725218051,0.17108079059160833,0.17141886166535134,0.01139599184057991,0.22922625970627067,0.38805501717661084,0.005709761744528192,0.16731569468288,0.3897760790046078,0.006665204738311124,0.18922627510316,0.47994996088475,0.004132059313799771,0.14077483367000335,0.40044618985435637,0.0023326461309770663,0.1071194066204333,0.006280529860957471,performanz,0.17502287908417413,1,,,,,,,,,,,,,,,,,,,-1.0,,0.0,-0.18002677931809705,niedrig
5,2025-11-20,3,14,0.3931703759509237,3.6589329850400154,0.4220531580097315,0.86666667,2.3333,0.4591659317046706,0.02775113860871038,0.37350337940103334,0.06565809274065719,0.01289347206029065,0.321792856490317,0.11940316986628358,0.019081225694202026,0.36192311196162796,0.3030785903830217,0.030854063219570075,0.35378156605773,0.3915846637307628,0.025972062643842653,0.31947014148220665,0.3787630421956825,0.05727848502748816,0.4031628457593634,0.3392493452372671,0.059576405510656856,0.4818105151693401,0.03334383610925154,kognition,0.1766325246206553,1,,,,,,,,,,,,,,,,,,,-0.86666667,,0.0,0.3392235401038053,latent
5,2025-11-27,2,9,0.29185687273164446,3.2707718508357546,0.6617780011602339,1.00000000,3.0000,0.4587850605678713,0.009279532498768218,0.2542271282086199,0.20475464304735944,0.024738388265728946,0.4003989575774025,0.2290261224985129,0.020873653061086114,0.37219502179804453,0.4020473476867005,0.005878855997305248,0.202445921336045,0.3749898283487145,0.013116913109554713,0.31180552428653,0.426564240874464,0.0032239188743858104,0.14329975940481499,0.3250505590860599,0.008762282212422045,0.2230890256272555,0.012267649145607299,kognition,0.2095756443882342,0,,,,,,,,,,,,,,,,,,,-1.0,,0.0,0.09357026986027389,niedrig
5,2025-12-04,2,8,0.1711567229984699,3.779794953286113,0.8209970135088716,1.00000000,2.0000,0.42839874560507374,0.010683412200321943,0.26365738812243,0.1785552365174945,0.003583107185701333,0.14399108335233202,0.22842178270965413,0.007863201468937382,0.2417328318292885,0.40259300659898245,0.002259288382223394,0.11724152709802502,0.3602986441019413,0.002992229992008272,0.12788975317315499,0.47169896072855755,0.0007829547808222045,0.07249337989900001,0.41837206831549,0.001248834416950658,0.09299510834511499,0.00420186120385217,performanz,0.11212616967284296,1,,,,,,,,,,,,,,,,,,,-1.0,,0.0,-0.118259966732881,niedrig
5,2025-12-11,3,12,0.18174400271990607,4.108068343618826,0.45402801699538914,1.00000000,2.6667,0.4715663648693383,0.005793084452521709,0.20110284158219002,0.16223812240047228,0.009509558804709306,0.22153242336201803,0.20958502142746083,0.0064174549162699865,0.17820949380472997,0.3745047606723008,0.004784813331299651,0.17560942719185332,0.38555755573429007,0.002341335936703727,0.1268520885013467,0.4514874535546783,0.002093779091451904,0.11775266085920001,0.40926552730146754,0.0033856114558944426,0.13582058421133333,0.004903662569835819,kognition,0.06635443790149355,1,,,,,,,,,,,,,,,,,,,-1.0,,0.0,-0.4815960667893925,niedrig
6,2025-09-04,3,14,0.42121104816656324,3.5618356338835215,0.4327743751245514,0.86666667,3.3333,0.42638232494022965,0.03941757013956879,0.45610541564347,0.11578951146707601,0.012764010691996347,0.29808957505583034,0.18103254213656594,0.021182677362579356,0.36213107157858265,0.339039182827638,0.04240318231866202,0.4420536297984467,0.35392172200551747,0.024632952841509594,0.3717277699447334,0.3847916933681838,0.06284942243066403,0.46196657419660997,0.3148903340513092,0.04531328773307005,0.3933311254367866,0.03550901478829289,kognition,0.0,0,,,,,,,,,,,,,,,,,,,-0.86666667,,0.0,-0.13931738648451322,niedrig
6,2025-09-11,3,14,0.20153798138789414,3.4366209801415386,0.8512719261944871,1.00000000,2.3333,0.4774844780597414,0.003914710334715841,0.16444973526586332,0.14161735319352775,0.009016864864371277,0.22113680705864833,0.17749341926465478,0.012130590290499057,0.29583944613329266,0.37351784157894247,0.004950341402618518,0.17790048538667333,0.40454851270399966,0.004853679902222602,0.18199567331994668,0.4519675297069583,0.0025757814327408567,0.13371073654297666,0.4087166743438866,0.004523893741360563,0.15561066183939,0.005995123138361245,kognition,0.14268446943738597,0,,,,,,,,,,,,,,,,,,,-1.0,,0.0,-0.07548139901406241,niedrig
6,2025-09-18,1,3,0.18538082703217343,4.043579197213266,0.5022618428501545,1.00000000,3.0000,0.45142175575153004,0.0013373939867285106,0.08689842305819001,0.153728929618563,0.011140220230794832,0.249195353492301,0.18943198531825367,0.006879574849970242,0.20224302137119898,0.4300294882280533,0.006299101358586371,0.19241570370675998,0.3785063388774233,0.004645897841279989,0.16315486837555,0.44446718221043335,0.0016630672878299956,0.09847528697642,0.42022228841446996,0.0024007954759426554,0.11363757005008002,0.004909435861590371,kognition,0.07091460025515174,0,,,,,,,,,,,,,,,,,,,-1.0,,0.0,-0.5313438110036572,niedrig
6,2025-09-25,3,12,0.17233313420048826,3.5618914405654287,0.6129116306611077,1.00000000,3.3333,0.4339041870847411,0.0058560950632315055,0.19983364668047,0.13079445911494994,0.009645273493152,0.19176022160044534,0.18943852353831458,0.005438045364876495,0.1823478441998748,0.38304598706971515,0.004577450743364892,0.16820832449858666,0.3820648419885318,0.005025526366900612,0.17421397684437334,0.4814770803497343,0.0014912790158163162,0.09700417678133666,0.43719305294009136,0.0018345388434985127,0.11011086004206,0.004838315555834333,performanz,0.06863458986821395,1,,,,,,,,,,,,,,,,,,,-1.0,,0.0,-0.37050213291315215,niedrig
6,2025-10-02,3,11,0.2521052377238362,3.4157480937866027,0.5880338776226485,1.00000000,2.0000,0.5393239926362045,0.0119090347411264,0.25524985129499667,0.14256022003973223,0.014496295124591566,0.264525359360629,0.2281881093675003,0.012205727870850771,0.27693204736949467,0.3446758760448428,0.008527435620015969,0.21828771520816334,0.39322260966369527,0.002847344799353084,0.12394594551549003,0.4292714451830812,0.0037121968640766896,0.15121724836054667,0.33405974016369017,0.010282213268592728,0.24924252262507365,0.009140035469801031,kognition,0.16646912230658137,1,,,,,,,,,,,,,,,,,,,-1.0,,0.0,-0.0317990960169279,niedrig
6,2025-10-23,5,21,0.16574288975776014,3.9630409885992948,0.5958439325368514,1.00000000,2.6000,0.470852860411326,0.0067149698797058805,0.19530459438669398,0.09886680218179726,0.006118589643457115,0.18447402503686067,0.13461317822252383,0.003961790240989599,0.1569304622155882,0.38158916992770575,0.00501095651906521,0.16499514502111595,0.43336231705725997,0.005433231317846221,0.14735540719910062,0.4426036493105531,0.0010802346070218256,0.08064352475980599,0.42008455923135246,0.004637692070904717,0.151227616377048,0.004708209182712938,kognition,0.16095180330923975,0,,,,,,,,,,,,,,,,,,,-1.0,,0.0,-0.26481985155717347,niedrig
6,2025-10-30,3,9,0.21365091703107816,3.6959046111633778,0.593405077766505,1.00000000,2.0000,0.4392629263638355,0.006227319536001213,0.16686790333482335,0.1673615847177855,0.0166235082989918,0.2882325930795408,0.11654360164469478,0.012085108793613889,0.2537373050897833,0.40057794823512777,0.002633769078416788,0.1214631741387,0.38366276208481004,0.0030086553318586433,0.10657518247449667,0.4648317715775578,0.0027531541620784247,0.11396402709115333,0.4304422137150478,0.002785573808539471,0.10456770704220335,0.006588155572785748,performanz,0.09720061037600364,1,,,,,,,,,,,,,,,,,,,-1.0,,0.0,-0.25771720915951135,niedrig
6,2025-11-06,4,18,0.15509764522429972,3.7772059423824977,0.5318285809637098,1.00000000,2.0000,0.5161711466694378,0.004084162477314102,0.17572391929843,0.0704796616880741,0.005238068498741723,0.16573034072275025,0.1642724077356264,0.0050207822321770325,0.18902095052231077,0.3407579842833025,0.002570865557368922,0.13202366817762248,0.42517986824515563,0.001334162255876724,0.09630833365323752,0.4681890510656513,0.00241312413712502,0.12392872200314001,0.39468149604770925,0.0036740161627335337,0.1499214408033675,0.0034764544744767217,kognition,0.1554709578543436,1,,,,,,,,,,,,,,,,,,,-1.0,,0.0,-0.24565438801096426,niedrig
6,2025-11-12,1,5,0.8215557413782433,3.2282630779516603,0.8298583482237875,0.60000000,3.0000,0.31844470318801,0.10300399046974482,0.86998085955822,0.10577661691171761,0.030493020549932127,0.48911099435259,0.125132405350948,0.05038254933255761,0.66401760913586,0.25015703349248597,0.12601652568257599,1.0509747257311999,0.22988707112940338,0.06423510642735918,0.65205102115301,0.238269579469836,0.18247629180026267,1.14927161755765,0.1568013311795858,0.11834635192912246,0.9205556775302599,0.09642197659879356,kognition,0.44460241388528876,0,,,,,,,,,,,,,,,,,,,-0.6,,0.0,2.394670567119374,hoch
6,2025-11-13,5,23,0.3432397749673842,3.369126336177085,0.629429285142966,0.92000000,2.0000,0.4698675410326688,0.021736221091063077,0.284153590009504,0.11586373049911006,0.01900464581534879,0.3642390887337422,0.1597438323899933,0.01276084126076998,0.2994798363728366,0.3315517917074869,0.023473714842598914,0.29306702974048193,0.38013823730172713,0.016836916802124458,0.264735977291248,0.40006977861622073,0.038002796816052814,0.378909265505848,0.3444397931039704,0.03650534973440679,0.4003430311733614,0.024045783766052115,kognition,0.33884597238467234,0,,,,,,,,,,,,,,,,,,,-0.92,,0.0,0.6107370313036489,hoch
6,2025-11-20,3,10,0.16453863188590054,3.673837906013331,0.5042166017000747,1.00000000,2.3333,0.5086321885739777,0.0025329055678803007,0.12386381978556336,0.12584157638506505,0.013204036256378268,0.26209426119903134,0.12675288426229606,0.003975905247121172,0.15460546136913567,0.37019725238000945,0.0013851595223722864,0.08764496621754998,0.4032099827001383,0.0005829618350194006,0.05123008405161,0.45168258478253226,0.002416225063668034,0.11285340447647668,0.41786172303634306,0.003231369203840484,0.13214594158242,0.0039040803851828495,kognition,0.1130092765553619,0,,,,,,,,,,,,,,,,,,,-1.0,,0.0,-0.45654695344917584,niedrig
6,2025-11-26,1,3,0.20074314336060306,2.753556911498167,0.8518776032140248,1.00000000,2.0000,0.5056431661946367,0.002369356323185292,0.11908055670488005,0.14312409305628868,0.004933153443678,0.16357696147162398,0.238429889687491,0.019822869588728493,0.320622112426647,0.42739553089511334,0.0059395349858534134,0.16627942590543998,0.37534537278284336,0.0013795777608274678,0.07889679115149001,0.4355429956869166,0.00014491334000128582,0.029400421135869992,0.33680429401663997,0.005708404164021679,0.18414617594941002,0.00575682994375652,kognition,0.15381237227352118,0,,,,,,,,,,,,,,,,,,,-1.0,,0.0,-0.050454295487501716,niedrig
6,2025-11-27,3,14,0.1787173521366041,3.7374911551904266,0.5904190262559927,1.00000000,2.3333,0.5191283203970903,0.003012309314000353,0.15599897460409665,0.07552535234246795,0.0041354061925926505,0.18231524006969835,0.1721398646665814,0.012280532669226976,0.28005592486692005,0.3484633224351727,0.005132273376830314,0.17734784262238668,0.43746168941374236,0.0011616409914774726,0.08192765241148665,0.4502686598044073,0.0009223063272579907,0.07781912923876333,0.3787286537779133,0.006056898051389613,0.20074433038148667,0.004671623846110766,kognition,0.14563321735263074,0,,,,,,,,,,,,,,,,,,,-1.0,,0.0,-0.29287677939193835,niedrig
6,2025-12-04,4,15,0.25677065522282827,3.1990118902015157,0.7458567662407201,1.00000000,2.2500,0.47805778263658333,0.009597981128044513,0.24018792920481502,0.18317704458461015,0.010501958828152247,0.2604190686332247,0.25704739431157564,0.01553043062943862,0.3083377637063867,0.3754295555624262,0.005755219202209739,0.16638174538974998,0.3652352121317307,0.006362128650596196,0.16618767377931498,0.4490144107987378,0.004877517224913934,0.1528732293545175,0.33414207055911277,0.015102857316620576,0.30939551703067253,0.009675441854282261,kognition,0.16857740892031553,0,,,,,,,,,,,,,,,,,,,-1.0,,0.0,-0.0024257590508550003,niedrig
6,2025-12-10,1,4,0.35022834131637004,2.8576778178646998,1.3678239529560812,1.00000000,3.0000,0.45280275141216,0.006783932467891938,0.21468441693525997,0.22800326610710026,0.03997804824784904,0.479312180421065,0.26844644145107,0.020821535498190172,0.3628752616045,0.4077806182816675,0.009852308444684973,0.26712491319757997,0.385071337986365,0.019284451563298943,0.37270367585589004,0.3725446702750425,0.008555137522579062,0.25359608709554005,0.3080541386060977,0.01738447731672164,0.332545887757349,0.017522841580173684,kognition,0.10366006738927952,0,,,,,,,,,,,,,,,,,,,-1.0,,0.0,0.4513929909709744,hoch
6,2025-12-11,2,9,0.15658395414129422,3.8769635378552607,0.7648747949664163,1.00000000,3.0000,0.4467159148453453,0.0044679464808989044,0.17044532243897,0.1318315173679959,0.005100616492341019,0.19243806950480952,0.1550010915055102,0.0037237412722719533,0.1522581372489865,0.3906052758282975,0.0009432156072641626,0.07657615910003002,0.4103486190319845,0.002491602394476455,0.12744405747875998,0.45082365044016776,0.0020387568892757473,0.124977669767345,0.45424001812057774,0.005803141731557585,0.20440838719876503,0.00350986012401226,regulation,0.22491719740776375,1,,,,,,,,,,,,,,,,,,,-1.0,,0.0,0.09632248704506391,niedrig
6,2026-01-15,3,13,0.1817531720744173,3.5262100012222093,0.5691655316552794,1.00000000,2.3333,0.46380574935056806,0.007319489720094542,0.16093208133358003,0.147887206958011,0.007140073630258798,0.21316931777966466,0.19067402663161825,0.009205614589144998,0.231485326080722,0.3869638371898827,0.0016478085648653183,0.10976582259470334,0.3838999929923215,0.0017557591479141425,0.10810296315918333,0.475387326909916,0.0031127325304393535,0.14448657300752668,0.40095462430489537,0.008131726189616504,0.19991708034449332,0.005473314910333379,performanz,0.07731690114512116,1,,,,,,,,,,,,,,,,,,,-1.0,,0.0,-0.366341938263234,niedrig
6,2026-01-29,4,18,0.1603015021828312,3.7208900676350405,0.6951124546609981,1.00000000,2.5000,0.4692249229572553,0.004294508343489566,0.1613628146731375,0.09198328236440374,0.005379882334060087,0.177841802874577,0.14548381514996714,0.004031896712706449,0.1652070776266315,0.3682842767633762,0.0021694010096326775,0.10680569065423999,0.4259331541247353,0.0025250087328244006,0.1259700122899425,0.45897807559436965,0.003106448316673859,0.1453218276653075,0.4381327762502435,0.0046238349198284125,0.1790054763372525,0.0037329971956022072,kognition,0.09467820533059662,1,,,,,,,,,,,,,,,,,,,-1.0,,0.0,-0.26791934962126984,niedrig
7,2025-09-05,3,14,0.2578867385184335,3.546381372046374,0.662256542087327,1.00000000,3.3333,0.4559472325120057,0.012368156559767515,0.27178938473972,0.13508307786588764,0.015537474693233027,0.33851751550266,0.18954014999194949,0.014120360579615623,0.333094067494061,0.39244319198359695,0.008199206763235867,0.22819056120478998,0.3972496685223956,0.008119470177872758,0.22548966635636,0.4593221239444705,0.0013639610197567643,0.10045590298149669,0.37655946802934487,0.007909628291825201,0.21480838029663665,0.009659751155043823,performanz,0.0,0,,,,,,,,,,,,,,,,,,,-1.0,,0.0,-0.475241125585117,niedrig
7,2025-09-12,3,13,0.48827950960168925,3.3153453748687802,0.7187637660122639,0.86666667,3.0000,0.4858472996434513,0.04623856636219953,0.53398614876706,-0.005104080041198178,0.023137331594725554,0.410993483786845,0.11542778247215559,0.022578207639225207,0.3796826812495387,0.2705005061339579,0.054547940201921274,0.566764655048919,0.37952334452010783,0.02167801098190476,0.3041460888100867,0.34809888168032704,0.06173313429489761,0.46121863570658334,0.2823382328002712,0.06222296798556582,0.5828295869710644,0.04173373700863425,kognition,0.24994317005795294,1,,,,,,,,,,,,,,,,,,,-0.86666667,,0.0,0.9001240708910471,hoch
7,2025-09-19,5,24,0.5160642721681298,3.0211034639522807,0.7385233411916452,0.74000000,3.0000,0.36223154584894973,0.10430121002112111,0.708583745324912,0.09394177885337103,0.013172779192342656,0.2920546608336462,0.093036465601652,0.02111607469177073,0.35943391387643836,0.2820439915912335,0.040058069710478955,0.426186992122968,0.3185933843155835,0.05180613971896324,0.48436886162325843,0.3219635324623871,0.08826518481370835,0.526982078421198,0.3457139185083803,0.04362370751963987,0.47071343684503475,0.051763309381146407,kognition,0.1847635081564674,0,,,,,,,,,,,,,,,,,,,-0.74,,0.0,0.8871329848668459,hoch
7,2025-09-26,3,14,0.16162781500644774,3.601091123381085,0.6535116593296683,1.00000000,2.3333,0.4755072303271984,0.00803820294901191,0.22665084244280664,0.08564713410916824,0.004304260507085804,0.16580087950602398,0.17061882996474484,0.0032989421762793718,0.146689276343718,0.3645387765255835,0.0035845970218336947,0.15916487864253667,0.4279508088606727,0.001963828846521871,0.11271061246912334,0.4755996484807285,0.0016529700766349383,0.11104005673375,0.3993839504706545,0.00329332831056124,0.15027878105107667,0.00373373284113269,performanz,0.25331436873211177,1,,,,,,,,,,,,,,,,,,,-1.0,,0.0,0.09164529871261372,niedrig
7,2025-10-24,3,12,0.2114182360322279,4.005609867875916,0.6436496842528001,1.00000000,2.3333,0.4837419070959701,0.00594795842047947,0.18603795406463663,0.1671175681898666,0.01971132934827978,0.3742139923903524,0.1681632941943588,0.009176558173699657,0.2412227348804398,0.3819505707504159,0.005470419560034627,0.18592381186427331,0.40622420790008307,0.002454073253143794,0.11680761525939998,0.45131745276796265,0.0013811525474219741,0.09437886524971667,0.3758785005964274,0.0024504540822199825,0.12121477305316003,0.00665599219789704,kognition,0.09289035556264534,1,,,,,,,,,,,,,,,,,,,-1.0,,0.0,-0.2334433992243464,niedrig
7,2025-11-07,3,12,0.2258732734768523,3.7374822785981845,0.621097808597077,1.00000000,1.6667,0.5374193965118298,0.009758818703316742,0.24537443738612005,0.0932212839293614,0.012247388175015092,0.2447898763797763,0.15958068914144788,0.007961973263103434,0.199046633214065,0.32967045471891926,0.008431560007479981,0.20907528118962068,0.43709659798430556,0.0009711379028669826,0.0726571211717933,0.4219608269194575,0.002342340046614965,0.10478791580669332,0.36697402476410823,0.017341198108329146,0.3097649765455887,0.008436345172389477,kognition,0.11420600238091688,0,,,,,,,,,,,,,,,,,,,-1.0,,0.0,-0.2687679513481157,niedrig
7,2025-11-14,5,23,0.182016492925541,3.437315946300454,0.6454646534907674,1.00000000,2.4000,0.4554097191762839,0.006191179986564474,0.16138345584045002,0.13017994543376604,0.007968949268424693,0.22133763270543866,0.19840682665794834,0.006460688593687378,0.1928512601726642,0.3831419484110777,0.002365434335713787,0.11211679830041801,0.38400018412243253,0.002407031860718482,0.107214932660162,0.4587182068518625,0.004509419823137703,0.14752192928469401,0.43201934880739506,0.0060205654201706885,0.19201208367071199,0.005131895612631029,performanz,0.14442793273249085,1,,,,,,,,,,,,,,,,,,,-1.0,,0.0,-0.1486416244273906,niedrig
7,2025-11-28,5,22,0.18226956719595352,3.5462844459251577,0.6059331443849721,1.00000000,2.6000,0.47223599821358986,0.0030176950747899,0.13700395556371997,0.1300524389605114,0.007927452071254814,0.23413569620090197,0.1994212602211884,0.009233910152333732,0.239412267583155,0.3940663990281076,0.003696743899663995,0.160197125872194,0.3918660735278886,0.003461603917990971,0.15407965378803803,0.4345144231176735,0.0027992838691056872,0.12393515379963396,0.42882597842698456,0.004642933941647618,0.15900708286766801,0.004968517560969532,kognition,0.03257922034759112,1,,,,,,,,,,,,,,,,,,,-1.0,,0.0,-0.45240710764735625,niedrig
7,2026-01-16,4,17,0.2701816414194326,3.1127882140260184,1.0853311461214932,1.00000000,2.5000,0.4753031683355751,0.009182103132932218,0.2433441916601825,0.15250837574700776,0.01831258625049674,0.2781180757547582,0.16549311207712905,0.009881132358660815,0.2605525437980223,0.38118912873308036,0.004082761554147597,0.1602750352706725,0.373499717790707,0.0054270159125768295,0.1823420855918675,0.440699815666199,0.016000095576218114,0.3166362655323865,0.38668465087889825,0.011016515613107215,0.26975586387725603,0.010557458628305646,kognition,0.06310383148281808,0,,,,,,,,,,,,,,,,,,,-1.0,,0.0,0.007926045048940275,niedrig
11,2025-12-04,1,4,0.19119310008986543,3.71003009379455,0.39589338096229,1.00000000,1.0000,0.5362749490591899,0.0019508980698937511,0.11662522175432999,0.17301912062763025,0.024223680292380197,0.378553537821273,0.14427266917790227,0.004760764821673038,0.16742264874018103,0.35758844956735997,0.0013624351915369572,0.09683102456932002,0.45382121067887005,0.0007550991276077475,0.06490118791185995,0.41430576037553,0.002175443655887251,0.11394688679974996,0.34587026916236496,0.0013264803629943604,0.08363517345027,0.005222114503139043,kognition,0.0,0,,,,,,,,,,,,,,,,,,,-1.0,,0.0,-0.7741085074824152,niedrig
