pc1,pc2,dominante_dimension
-0.019846367049132885,-0.01404364427846441,performanz
-0.030005758378637934,0.025632786155491492,methodik
-0.07962030414320459,0.07055440316117631,regulation
-0.015351517813904963,-0.015182628789356481,performanz
0.1084563537785054,-0.10799947735912882,kognition
-0.019362283538814102,0.022861920188299835,kognition
0.0361991272141879,0.022524742185997843,kognition
0.060435139584658765,-0.13284875900086507,performanz
-0.041976986660425916,0.004064918274777347,kognition
-0.04614809244492599,0.05302860445387284,kognition
0.052583682297088596,-0.08200734968191485,performanz
0.03264299866664952,-0.014470539058211098,kognition
0.03264299866664952,-0.014470539058211098,kognition
-0.11469925182540083,0.12275994705630805,regulation
0.07136352678338408,-0.08563444693914259,kognition
-0.021653225247577557,0.03311995628339028,kognition
-0.029846819868092112,0.04337830548211476,performanz
0.0025501810880655036,-0.03771226011461109,performanz
0.14918453658031544,-0.08377417217387823,kognition
0.0025501810880655036,-0.03771226011461109,performanz
-0.049800361994107555,0.04905584552855316,kognition
-0.01886650378567854,0.01781409665923636,performanz
-0.05421723024999356,0.052372892030219394,methodik
0.050758311662274555,-0.0933641203095778,performanz
-0.01310490093349228,0.012237066355627022,kognition
0.0609920303939074,-0.08603039504427082,kognition
-0.10817993761014488,0.08724158860437863,kognition
-0.06390132022814494,0.043304577959026876,motivation
-0.03206748259466603,0.013732560772140091,kognition
0.05982026178842603,-0.03805722689689735,kognition
0.04042018856909914,0.028922150548997553,kognition
-0.07435991199152674,0.048636134826759506,performanz
0.042224719753305946,-0.052634832143395295,regulation
-0.06946642802857972,0.07541878848446436,kognition
0.000947704673876523,0.004550969051376344,kognition
0.16108788090626944,-0.14672733606117752,kognition
0.029619897453446137,-0.05062612152290151,performanz
0.12168606028724727,-0.028194649579111372,regulation
0.0070389001411267785,-0.046548285628837886,performanz
-0.015796014290998237,-0.01624287637299167,kognition
0.01693678153614983,-0.04144521374208114,performanz
0.04463137348663683,-0.06084588166294705,regulation
-0.057117830895639106,0.05061634515980298,kognition
-0.0636613566542714,0.04679008519034641,kognition
-0.10565937704821615,0.11300947201248358,performanz
-0.05105164493978352,0.046247442137587746,kognition
-0.1154110741446994,0.10443833314263568,performanz
0.1480478779147342,-0.147031603954173,kognition
0.15641655711995742,-0.10787591033031765,kognition
0.02001730783715703,-0.08891941506172937,kognition
0.1618935542810293,-0.18265688156242177,kognition
-0.029151318198680342,-0.0005192818690828161,performanz
0.11581080066975857,-0.13625486156948446,methodik
0.041333087958135915,-0.08103036015565292,kognition
-0.007481508683191858,0.04762045474421573,kognition
-0.005941527161445162,-0.02786744702937228,performanz
0.028463697333177475,-0.039091047358122875,kognition
0.026707788143698976,-0.04418050460816485,performanz
0.0445355480939568,0.00434564028689744,kognition
-0.06494951589781303,0.019526825097362914,performanz
0.07893186285135734,-0.07414056920636433,kognition
-0.06328100447643344,0.03785604355542433,performanz
-0.04535229270433892,0.014616591904294401,motivation
0.07759706480695856,-0.05629490603823544,kognition
0.0033373925847784923,0.002295573769934744,kognition
0.0012374725515665868,-0.017545180460525996,regulation
-0.1305277315768314,0.1284219745214733,motivation
0.07011146383591291,-0.07304433728989634,regulation
0.27461660797958476,-0.14045998178447933,regulation
0.12433895061018885,-0.1113392790274507,kognition
-0.08046554566287982,0.08094666923597177,motivation
-0.018007055559164813,-0.014560287089250496,performanz
0.15976075194811112,-0.15853644267126488,kognition
0.07727213912587726,-0.1069524578871454,kognition
0.05842176001749697,-0.10268949886408316,kognition
-0.10328358696711575,0.08963953429537326,motivation
-0.020876278025206398,0.029128661318424422,regulation
-0.09250736202131085,0.10737877958777396,kognition
-0.1213891905910299,0.11922340046579787,regulation
0.014642491864914061,-0.06240880098149304,performanz
0.10246971492153005,-0.04616692463273423,performanz
-0.011225128678151716,-0.013867992329868215,kognition
-0.037622637327774225,0.03547982945568402,kognition
-0.05888258373668183,0.04416540496241222,performanz
-0.05697805010907799,0.013904238339163317,kognition
-0.060929059813416724,0.03545415139714766,kognition
-0.00026342733792970575,-0.02945523171619582,performanz
0.11311242659200588,-0.09828961625665247,regulation
0.012386660754835712,-0.007433451522989372,regulation
-0.00914201026283071,-0.0066556506406079295,kognition
-0.03997988192267147,0.04809228385053031,regulation
-0.0565217798287736,0.02533205096656131,performanz
-0.0565217798287736,0.02533205096656131,performanz
-0.08511644308023326,0.07201645810309341,kognition
0.025556013407098652,-0.0018154946214945596,regulation
-0.07390659800275401,0.06471907818137931,performanz
-0.0774178113352523,0.06726029815456236,kognition
-0.07371719246038069,0.05776271918069107,motivation
-0.012867417109332303,-0.013750951698262678,performanz
-0.07367930634016424,0.0621474395093326,kognition
-0.06438759038318255,0.06447628076245855,performanz
0.08511215388825197,-0.0951751264481695,performanz
-0.021386264818835703,0.04643032960991181,performanz
0.06205343046595527,-0.06765081817454127,regulation
-0.01999857760254479,0.020013271065518923,methodik
0.06489588644622624,-0.04573304755312964,regulation
-0.01999857760254479,0.020013271065518923,methodik
0.024050816943508996,-0.046187552056125875,regulation
0.06489588644622624,-0.04573304755312964,regulation
-0.07244325911604657,0.08118244991025797,performanz
0.08558526079406134,-0.09172285992273359,performanz
-0.11068672984992652,0.11793230641369873,motivation
0.021476663452140568,-0.008563809119024643,performanz
0.023769627243100548,-0.06247185028338142,kognition
0.034133945708688475,-0.05709547325511107,kognition
-0.026370140591890842,-0.004198256106690092,kognition
1.1272193952804288,1.092976671751419,performanz
-0.05460262065854495,0.02317636239041214,performanz
0.015775801462859732,-0.01733631516840742,performanz
0.11236592930367464,-0.0985735555420949,kognition
0.12028174343817127,-0.033063147215406284,performanz
-0.03525136159313372,0.01608720657575273,kognition
0.06558836727538712,-0.03268271136248364,kognition
0.01422535732587823,0.01227090677988088,regulation
-0.08579925331587254,0.09269980839324342,performanz
-0.056674317804565,0.05346729200309476,methodik
-0.0006734637996355824,-0.061303114741162575,performanz
-0.10984849596943976,0.10394998132407161,performanz
0.12986434874964206,-0.036214893993872274,performanz
-0.05059424305033477,0.045695426701572894,performanz
-0.011571993086519074,0.028553263464408264,regulation
-0.08663116288069317,0.07228795597299026,performanz
0.12892635180852993,-0.08050726849894485,regulation
-0.07801137077795225,0.07275851451310475,kognition
0.04915612138689307,-0.014613854364313684,regulation
-0.015764609679696524,0.027364699271573877,kognition
-0.015764609679696524,0.027364699271573877,kognition
0.22503570619813,-0.11736255108822462,regulation
-0.03502494752599812,0.044655666785190444,regulation
-0.07625453105824295,0.049616024461321885,kognition
0.09412689804223587,-0.13823805222034558,performanz
-0.0022439043316022627,-0.0004631805541134004,kognition
0.05257277366636258,-0.056464558758669896,regulation
0.04366366932403086,-0.0786002630494822,performanz
0.05010835959879575,-0.07597161785178062,kognition
0.05257277366636258,-0.056464558758669896,regulation
0.04366366932403086,-0.0786002630494822,performanz
0.10544596223579404,-0.09707718473264346,kognition
-0.07349055644070591,0.05392489184457954,motivation
0.18624579777286532,-0.17027053750937748,kognition
-0.019735460977613747,-0.013643765037214371,methodik
-0.017163370768511568,0.010178029231919905,regulation
0.0594224197820873,-0.09732690305189978,kognition
0.03260897239786185,-0.008685602037187259,regulation
0.13392264722272162,-0.13108435249241354,regulation
-0.0914219680848781,0.067336555264414,kognition
-0.02465110241284621,0.002972353917307658,kognition
-0.1058308967060704,0.0723355481097529,kognition
-0.0005783766318114501,-0.048833745678021824,performanz
-0.058838060813528104,0.0385025349112779,motivation
-0.03901824490772558,0.03742086208833308,kognition
-0.11059649192539181,0.1034278467228234,kognition
-0.06898200260673087,0.05644546344989667,performanz
-0.0068911555973654726,-0.00711468952375045,kognition
-0.05622124949213513,0.09120125333507104,performanz
0.1328791366165749,-0.13099260987019454,regulation
0.09753692718854035,-0.1244166525788394,performanz
0.04938459501936808,-0.052177566457682664,performanz
-0.07026287286556826,0.043782860384959196,performanz
-0.04677608826875103,0.06591388033808691,kognition
-0.06928142866645132,0.03369288546846703,kognition
-0.03655511554853278,0.013559485810864344,kognition
-0.02743280670644504,0.019123548598873937,kognition
-0.10233106417031713,0.07050574518746806,kognition
0.10477438777566471,-0.10048158896702893,performanz
0.018720415390255665,-0.007060542995238097,methodik
0.11650718614367185,-0.051593545757989856,kognition
-0.07374231049895505,0.05705584402038449,performanz
-0.08180186870852178,0.06606254598482252,methodik
-0.012021660807690767,-0.0277589260541095,performanz
0.01679365507498579,-0.03755842226257464,performanz
-0.09673347065945308,0.07378795853080673,performanz
-0.04370953276763307,0.03871686459035259,regulation
0.04264580273270768,-0.004243177759361671,performanz
0.09759873164536038,-0.09602271042689062,performanz
-0.08228317941221881,0.038669223737953125,kognition
-0.11353696970189592,0.11331645766080904,performanz
0.09525970118781456,-0.07582734326822725,methodik
0.06296595749187597,-0.07389293015092854,kognition
-0.016931274509992024,0.03569745498662821,performanz
-0.016931274509992024,0.03569745498662821,performanz
-0.010588156798734625,-0.01900896560647413,performanz
0.13531553747552802,-0.13401499691914842,methodik
0.025891057081127516,-0.06392371650864057,kognition
0.09826399474923726,-0.11536720014226412,performanz
-0.018352386483253175,-0.004408696234995156,kognition
-0.049841163173904225,0.012925196761078022,performanz
-0.11381678009833039,0.10970553484485106,kognition
0.04719004217021751,-0.052424913719832975,kognition
-0.060771999056607594,0.04178384898288839,performanz
-0.063802294683688,0.01090451017627393,performanz
0.030608751912247517,-0.07845416513751827,performanz
-0.05049511197026951,0.03649973235775867,kognition
-0.017983183775001348,-0.003966083574494738,kognition
-0.046766814022704876,0.0402824637185171,kognition
-0.08841527331642345,0.02899196341193527,kognition
0.0930062098700414,-0.10655061597665445,kognition
-0.08138912087506983,0.07268907885267709,kognition
-0.09537545931154305,0.07838272753171184,performanz
-0.04726180959376183,0.025415005524486448,kognition
0.052932685107207535,-0.05999907187813721,kognition
-0.06527099219260842,0.05268520253728734,kognition
-0.13209083476180825,0.1329029690870562,motivation
-0.008717476969244834,-0.004050005915451724,regulation
-0.026670622624900813,-0.02630653230438061,kognition
0.054185220679663894,-0.07892013841653789,performanz
-0.08408379966819345,0.07184164769042067,kognition
0.051110658750528636,-0.05112699386705103,kognition
-0.01807506124297249,0.0021751792944761828,kognition
-0.03176711913549327,0.03678491117596226,regulation
-0.025390792828469063,0.007158502684003832,performanz
-0.05789546622250818,0.007323980983681472,performanz
-0.032918881891042986,0.00990551582203701,kognition
-0.044571282056689844,0.020397273827642826,kognition
-0.10403600975458265,0.08925171287709498,kognition
0.035514398547228834,-0.02360260989249203,kognition
-0.08951294239494412,0.07090919094352365,methodik
-0.011008103792535142,0.007101736218023395,kognition
0.061634569355167854,-0.12956336427792664,performanz
-0.05057965675537767,0.029220861785021236,performanz
-0.04785805899035055,0.021035605335101338,performanz
-0.047042819712245054,0.05156370477776656,performanz
-0.09780515398269611,0.1061312652625462,kognition
0.02107867372224356,-0.02839083728051563,kognition
-0.04117925074670702,-0.0420110164564631,performanz
-0.09602673781479862,0.08604654212224754,kognition
-0.0732366618558412,0.061179076122401276,kognition
-0.07256424952072522,0.04940625514120627,regulation
0.01646704059542766,-0.03946479100420953,kognition
-0.06726446622647268,0.07187582387596048,regulation
0.024319801193039697,-0.03936946264623923,regulation
0.024319801193039697,-0.03936946264623923,regulation
-0.0700333457342921,0.07321251855054775,performanz
-0.04410901591933598,0.015946245275444738,kognition
-0.1112741736013178,0.1067113167553464,performanz
0.05158825687240587,-0.05102232121910095,regulation
0.019600432286926626,-0.040767580955296624,kognition
-0.04335455485486384,-0.0030424587449301107,performanz
0.0019013117926640105,-0.008778686876157642,kognition
0.02413572945310699,-0.0721945185769015,kognition
0.024699213400497008,-0.052352836697468236,kognition
0.0022230380142950505,-0.02193586042839279,kognition
-0.07086883568663996,0.03830670113564126,performanz
-0.03926971294799566,0.02107333582764243,performanz
-0.0034918996117082072,-0.008767893730334337,performanz
0.016599647967206962,0.0030738084966096865,performanz
-0.07298336912992212,0.042082905591598586,kognition
0.059052517868795604,-0.09198343115137499,performanz
-0.07482199321750943,0.07915628126971991,regulation
0.03956653405680108,-0.08280582320700712,performanz
0.048298852354684244,0.01609254396309033,performanz
-0.12093931974150857,0.11646297978118134,performanz
-0.03743455487440002,0.006802785737949209,kognition
-0.03525691074969869,0.0017070855186764743,performanz
0.008999289136515267,0.026037413818955038,performanz
0.12302191376212596,-0.1301280681554589,methodik
-0.006957082275021817,-0.03399010374023668,performanz
-0.1094544668524192,0.11292833000897613,motivation
-0.002103388720431518,0.029848463598383453,regulation
0.05655231302728042,-0.022326420060193895,kognition
0.04816087514828156,-0.0275209776197833,regulation
0.07365825308438935,-0.05092921161120004,performanz
-0.026986720298374123,-0.009570307124174879,performanz
-0.03716885096865789,0.00741951699529125,kognition
-0.021056617512683517,0.002513275067496321,kognition
-0.09500744004805588,0.05540941536090805,performanz
-0.11699523072026767,0.1327850020056047,kognition
-0.015325037388865493,-0.06291979760789704,performanz
0.03121384017591187,-0.030623246512655147,kognition
0.15707654461150078,-0.13616663410520516,performanz
-0.03959071318929806,0.05521032927954132,performanz
-0.06601395218812066,0.05004445061178004,kognition
