driver,target,n,pearson_r,spearman_r
dominanz_breite,semantische_instabilitaet,282,0.9222336784095095,0.9093201645128463
semantische_breite,uebergangsindex,282,0.802189702765141,0.6119792614255997
lehrkraft_varianz_mean,uebergangsindex,282,0.7799655564167706,0.6119792614255997
var_methodik,uebergangsindex,282,0.7582306587198646,0.5414988216966855
var_motivation,uebergangsindex,282,0.7511756888348251,0.5710859123672429
var_kognition,uebergangsindex,282,0.7492726996203575,0.5680406231209479
lehrkraft_varianz_max,uebergangsindex,282,0.7443864064140683,0.5941393566316745
var_performanz,uebergangsindex,282,0.6886679293945813,0.3362658043612022
var_regulation,uebergangsindex,282,0.6661788387533045,0.3872469750451349
var_affektiv,uebergangsindex,282,0.6557095282505275,0.4410973850435351
d_semantisch_std,semantische_instabilitaet,282,0.5317775172048655,0.5353747126141551
d_semantisch_std,uebergangsindex,282,0.4045038936732058,0.5069079531765229
var_methodik,semantische_instabilitaet,282,0.37188730572147727,0.5422096329407522
semantische_breite,semantische_instabilitaet,282,0.3486473286989562,0.4349811682507169
var_kognition,semantische_instabilitaet,282,0.3095265348109631,0.3950011919506011
var_affektiv,semantische_instabilitaet,282,0.2982554392209335,0.28522561845647887
lehrkraft_varianz_mean,semantische_instabilitaet,282,0.287153902366832,0.4349811682507169
var_sozial,semantische_instabilitaet,282,0.2862009368239581,0.29952474481421226
var_sozial,uebergangsindex,282,0.2813482452749026,0.38035266707654164
var_motivation,semantische_instabilitaet,282,0.25123287682173634,0.35041501552746424
lehrkraft_varianz_max,semantische_instabilitaet,282,0.24489080816291106,0.365041627302866
var_regulation,semantische_instabilitaet,282,0.23047464976362217,0.20979802122822555
var_performanz,semantische_instabilitaet,282,0.1921042438064369,0.2495874994749264
var_kognition,emotion_valenz_std,271,0.1444045480188855,0.11474618033032959
var_kognition,emotion_ambivalenz,282,0.14209571070390156,0.12790768794809573
lehrkraft_varianz_max,emotion_valenz_std,271,0.1283004733147841,0.050062312026599824
var_motivation,emotion_valenz_std,271,0.1275261554145008,0.16049047224036883
var_kognition,tn_belastung_mean,282,0.12599800981842213,0.10950214503464899
lehrkraft_varianz_mean,emotion_valenz_std,271,0.12586217895452614,0.05630256325791911
semantische_breite,emotion_valenz_std,271,0.12411374504649292,0.05630256325791911
lehrkraft_varianz_max,emotion_ambivalenz,282,0.12181950410924214,0.08326155280582608
var_methodik,emotion_valenz_std,271,0.11460245037903664,0.042782424714214076
lehrkraft_varianz_mean,emotion_ambivalenz,282,0.11317392982566592,0.06532500136796432
var_motivation,emotion_ambivalenz,282,0.11217879024187698,0.14514394757552568
var_performanz,emotion_valenz_std,271,0.11087281480286955,-0.027250578179920854
dominanz_breite,uebergangsindex,282,0.10845477674336104,0.11095755352519615
semantische_breite,emotion_ambivalenz,282,0.10771925166708293,0.06532500136796432
lehrkraft_varianz_max,tn_belastung_mean,282,0.10457572424503732,0.042526366217141905
var_methodik,emotion_ambivalenz,282,0.10320376844655157,0.052214001876698696
var_performanz,emotion_ambivalenz,282,0.10236413338024321,-0.04443115778101242
var_regulation,emotion_valenz_std,271,0.10103940794755889,0.014487036620270637
var_motivation,tn_belastung_mean,282,0.09674687449201215,0.1391191185351111
lehrkraft_varianz_mean,tn_belastung_mean,282,0.09308720350561098,0.056845045020359974
var_regulation,emotion_ambivalenz,282,0.09273407484803597,-0.011823754869147775
var_performanz,tn_belastung_mean,282,0.08759403476988827,0.047858133992556805
var_methodik,tn_belastung_mean,282,0.0860009729391824,0.04114065305887114
var_sozial,teilnehmer_drift,255,-0.08591372166323603,-0.04829725751886146
d_semantisch_std,emotion_valenz_std,271,-0.0811954288183351,-0.02573951461361671
semantische_breite,tn_belastung_mean,282,0.08017279940631504,0.056845045020359974
var_regulation,tn_belastung_mean,282,0.07165761979728585,-0.012068803524595202
dominanz_breite,emotion_ambivalenz,282,-0.06376533766978261,-0.052604795150516026
var_methodik,tn_belastung_std,282,0.06334712088255978,0.12510061375290207
var_kognition,tn_belastung_std,282,0.06323498170092472,0.05952574811281957
var_affektiv,emotion_valenz_std,271,0.061947466404285674,0.00793270329420294
dominanz_breite,emotion_valenz_std,271,-0.06023692932537789,-0.01009229114146146
d_semantisch_std,tn_belastung_mean,282,0.05874845535210721,0.08518318716230969
d_semantisch_std,emotion_ambivalenz,282,-0.05622662817950049,-0.06395131174680316
var_affektiv,tn_belastung_std,282,0.05473753284260212,0.06668892305611818
dominanz_breite,teilnehmer_drift,255,-0.0494832659300547,-0.05024186488907531
var_affektiv,teilnehmer_drift,255,0.046613917869312516,0.022697231204532396
var_sozial,emotion_valenz_std,271,0.0423701300578665,0.0550556695154925
var_affektiv,emotion_ambivalenz,282,0.03766695389713879,0.05200199333359043
dominanz_breite,tn_belastung_std,282,0.036832461064387284,0.08262140272684021
var_regulation,teilnehmer_drift,255,-0.03609170021186087,-0.05967911261583266
d_semantisch_std,teilnehmer_drift,255,-0.03433562772376098,0.0008102466474958173
var_motivation,teilnehmer_drift,255,0.03390794241440113,0.0509056974303168
dominanz_breite,tn_belastung_mean,282,0.031860081174013885,0.048868731337128136
var_motivation,tn_belastung_std,282,0.030280555861045867,0.08088619225172279
semantische_breite,tn_belastung_std,282,0.029229179300786525,0.056891645049327526
lehrkraft_varianz_mean,tn_belastung_std,282,0.028181916795778368,0.056891645049327526
var_affektiv,tn_belastung_mean,282,-0.0194318555612139,-0.054609099199349725
d_semantisch_std,tn_belastung_std,282,-0.015489103199701638,0.02735037736593926
var_regulation,tn_belastung_std,282,0.015132156928902664,-0.05955574196632822
var_methodik,teilnehmer_drift,255,-0.014226790983495741,0.05647181837470568
lehrkraft_varianz_max,tn_belastung_std,282,0.010841759013415773,0.052682061269840805
var_performanz,teilnehmer_drift,255,0.00841205398977939,-0.13815511420192989
lehrkraft_varianz_max,teilnehmer_drift,255,0.0075516530193164635,0.017588674094611307
var_sozial,tn_belastung_std,282,0.005938414986031149,0.07332720556301536
semantische_breite,teilnehmer_drift,255,-0.004985365540544582,-0.019990974796397474
var_performanz,tn_belastung_std,282,-0.004061650141602643,-0.0664961054264197
var_sozial,emotion_ambivalenz,282,-0.0029564135751162057,0.056426230920991506
var_sozial,tn_belastung_mean,282,0.0020686466192214362,0.035113216025379854
lehrkraft_varianz_mean,teilnehmer_drift,255,-0.0019327273411016094,-0.019990974796397474
var_kognition,teilnehmer_drift,255,0.0019216791995790793,-0.009020673552122558
