teilnehmer_feedback_id,teilnehmer_ue_id,teilnehmer_id,gruppe_id,erfasst_am,teilnehmer_datum,mitarbeit,absprachen,selbststaendigkeit,konzentration,fleiss,lernfortschritt,beherrscht_thema,transferdenken,basiswissen,vorbereitet,themenauswahl,materialien,methodenvielfalt,individualisierung,aufforderung,zielgruppen,emotions,bemerkungen,id_mtr_rueckkopplung_datenmaske,lehrkraft_id,datum,satzanzahl,mean_kognition,mean_sozial,mean_affektiv,mean_motivation,mean_methodik,mean_performanz,mean_regulation,var_kognition,var_sozial,var_affektiv,var_motivation,var_methodik,var_performanz,var_regulation,d_semantisch_mean,d_semantisch_std,semantische_breite,dominanz_breite,sdlg_id,sdlg_type,sdlg_ue_id,x_kognition,x_sozial,x_affektiv,x_motivation,x_methodik,x_performanz,x_regulation,sum_kognition,sum_sozial,sum_affektiv,sum_motivation,sum_methodik,sum_performanz,sum_regulation,h_kognition,h_sozial,h_affektiv,h_motivation,h_methodik,h_performanz,h_regulation,token_anzahl,funktionsklassen_anzahl_gesamt,dominante_dimension,dominante_dimension_wert,polaritaet_gesamt,d_semantisch,sdlg_created_at,emotion_count,ambivalenz_index,emotion_polaritaet,nichtlinearitaets_index
196,62,5,4,2025-11-11T17:10:00,2025-11-11,1,2,6,1,1,3,5,5,4,1,3,3,3,3,2,3,"17,5,3,28,22,27,1,15,6,10,23,18,4,9,21,19,8,14,13,7,16,26,25,12,24,2,11,20",,1334,1,2025-11-11,5,0.46222920880226204,0.1691751486132176,0.2233444236471756,0.41038759024275995,0.387342514876538,0.44617891259032805,0.407583840869548,0.0011090939522133778,0.009877001310890313,0.008282169483195812,0.0008019069298411972,0.0013336423620511884,0.0016010433106121863,0.0011784999247089374,3.74475982604926,0.4917978956160127,0.15550999091220155,3,400,1,0,0.39893700296667,0.29825689510604,0.35157772892986,0.39627712466878,0.39581482548942,0.39702006818307,0.39617164802532,2.3832381271068,1.7817780722351,2.1003151926152,2.3673480910213,2.3645863290835,2.3717864141058,2.3667179766014,5,3,5,5,5,5,5,43,7,kognition,0.39893700296667,1,5.9739611016627,2026-03-31T03:42:35,28,10,1,41.165772567249945
207,65,9,7,2025-11-13T15:35:00,2025-11-13,2,2,1,2,2,2,2,1,4,3,2,2,3,1,2,1,"5,3,28,22,27,1,15,6,10,23,18,4,9,21,19,8,14,13,7,16,26,25,12,24,2,11,20",,1413,1,2025-11-13,4,0.45719956172854254,0.14978199765466851,0.200068743435395,0.391098397948875,0.3687616556030175,0.49841030417511,0.362317445371745,0.01606304393883143,0.014977138130670442,0.004971211064098856,0.011351165814352764,0.011749441883885279,0.0002352831994748132,0.0005233482425099925,3.5749540023507995,0.7992595861632551,0.244684761016749,3,441,1,0,0.42870902893163,0.21628376036999,0.27654033045146,0.41079357262826,0.41855433151211,0.42521866873819,0.41012432529379,2.5345142625732,1.2786627722462,1.6348977147801,2.4285986497518,2.4744800115895,2.5138793631548,2.4246420806106,5,2,5,5,5,5,5,40,7,kognition,0.42870902893163,1,5.9119584716914,2026-03-31T03:42:35,27,9,1,39.261530486137715
208,65,10,7,2025-11-13T15:35:00,2025-11-13,1,1,1,1,1,1,1,1,1,1,1,1,1,1,1,1,"5,3,28,22,27,1,15,6,10,23,18,21,8,14,13,7,16,26,25,2,11,20",,1101,1,2025-11-13,3,0.43533612921247333,0.23341178991175668,0.2091102049912437,0.40452003251193,0.3901526188691533,0.45451255365346,0.37434332207789667,0.005423888931746327,0.0015317276481112852,0.026473629932655906,0.005238126649755187,0.0022212355759482745,0.004275943702593189,0.004534486770960424,3.8757003118551663,0.14045683930275657,0.22293281322355982,3,296,1,0,0.42490427085682,0.26458338378474,0.35861107684671,0.38797908193589,0.40532857368807,0.40825511439878,0.37330347030679,2.5373822288845,1.5800010075675,2.1415020650112,2.316877695058,2.4204828952679,2.4379591902849,2.2292399876972,4,3,4,4,4,4,4,32,7,kognition,0.42490427085682,1,5.9716462127461,2026-03-31T03:42:35,22,7,1,32.25917905657693
143,47,10,5,2025-10-29T15:35:00,2025-10-29,1,1,2,2,1,1,2,1,2,1,1,1,1,1,1,1,"5,3,28,22,27,1,6,10,23,18,4,9,19,8,14,13,7,26,25,12,24,2,20",,653,1,2025-10-29,4,0.48797262190007495,0.16623915356101335,0.24108543513399322,0.39142222453863496,0.346941925398845,0.45699099021613254,0.3106045580000625,0.01427965960304766,0.023843337901757987,0.013219389773325802,0.011443528206348176,0.011390324494171933,0.007668967227648695,0.015377065277688912,3.0141627722766247,0.441998737682727,0.3118048628292849,2,161,1,0,0.4415564984479,0.21485207312967,0.28626127860674,0.4048247119722,0.40520372342312,0.42955845692095,0.4053688134505,2.5391447843191,1.2354942635992,1.6461287175747,2.3279207974084,2.3301002805599,2.4701507491904,2.3310496210937,4,2,4,4,4,4,4,38,7,kognition,0.4415564984479,1,5.7504314344355,2026-03-31T03:42:34,23,6,1,31.35184484608665
249,77,10,7,2025-11-27T15:35:00,2025-11-27,2,1,3,1,2,1,2,1,2,1,1,1,1,1,1,1,"28,22,27,1,15,6,10,23,18,4,8,14,13,7,16,26,25,2,11,20",,1098,1,2025-11-27,4,0.3834202741566825,0.1935387715740465,0.21873064337369777,0.448971283442155,0.328602645968995,0.46727547555698,0.41143120468215,0.007115766281384422,0.023692132504447825,0.019352962165857225,0.003391182436463894,0.00993922356217787,0.004797960136432833,0.0022168970224515938,3.72062889248405,0.5507403033754452,0.26552989306143227,3,293,1,0,0.38414017855163,0.33805873353437,0.34678351313403,0.40719410496742,0.36976470059709,0.40111072515595,0.39302375661106,2.2927575510472,2.0177184196945,2.0697926504708,2.4303559248241,2.2069568786092,2.3940470048584,2.3457795774149,4,2,3,4,4,4,4,28,7,motivation,0.40719410496742,1,5.9685339822822,2026-03-31T03:42:35,20,6,1,29.290490934686204
97,32,9,7,2025-10-02T15:35:00,2025-10-02,2,2,1,2,2,2,1,2,2,2,1,2,2,1,2,1,"5,28,22,15,6,10,23,4,9,21,19,8,14,13,7,16,26,25,12,24",,546,1,2025-10-02,5,0.551663245119598,0.0822391971862262,0.16822387956385,0.301096519925078,0.44317393906332797,0.43321939938274595,0.367676514627172,0.011594595699001228,0.00642201851778325,0.004834375368868184,0.014207175945611019,0.0038310089038311192,0.00293916900123817,0.0068425698022882495,3.0926339246984402,0.7465960144129499,0.22510200629630384,2,143,1,0,0.42387402701826,0.1613794805635,0.30143276532769,0.40845167899701,0.42271469559162,0.42341968153346,0.4226317517264,2.4584946091106,0.93601060149255,1.7483279968354,2.369044071797,2.4517704177686,2.455859378231,2.4512893384089,5,2,5,5,5,5,5,33,7,kognition,0.42387402701826,1,5.8000495752583,2026-03-31T03:42:34,20,7,1,29.25098612741307
199,63,10,5,2025-11-12T15:35:00,2025-11-12,2,1,3,2,1,1,2,1,2,1,1,1,1,1,1,1,"28,22,27,1,15,6,10,23,18,14,13,16,26,25,24,2,20",,1102,1,2025-11-12,5,0.478446835355102,0.045891685060679,0.1261971506853778,0.361567096657156,0.451735090759444,0.46010768805496394,0.42250160831634603,0.010198870169115332,0.00035539733616035153,0.0029676786286589657,0.005590227291514843,0.001701254162733012,0.001347058326875867,0.005889595461051769,4.32363683118478,0.6043193381715657,0.16748158518508877,4,297,1,0,0.43101023698039,0.0,0.2685502234644,0.42969102096424,0.43010724082177,0.43232201379677,0.43078827389845,2.4767486025672,0.0,1.5431916312346,2.4691678860455,2.4715596435075,2.4842865706201,2.475473118354,5,0,4,5,5,5,5,45,6,performanz,0.43232201379677,1,5.7463699930114,2026-03-31T03:42:35,17,7,1,28.181929086566313
121,41,16,7,2025-10-23T15:35:00,2025-10-23,1,1,2,2,1,1,1,1,2,1,1,1,1,1,1,1,"28,22,27,1,15,6,10,23,18,4,14,13,16,26,25,2,11,20",,78,1,2025-10-23,4,0.4178996895939425,0.17262273650384824,0.2311231299095105,0.42378263843126995,0.3357317977836242,0.4568073638895825,0.4028901309495875,0.018306379000088534,0.011142304597562226,0.007000926416866358,0.0141320418597611,0.022785194694688312,0.002203771100511984,0.0032653228187702167,3.4752413475743,1.0409596787354325,0.28077738599867463,3,20,1,0,0.41684985233563,0.20736362813269,0.28132027017648,0.40859216865251,0.4274464859803,0.41546520656485,0.4264066590136,2.454550083596,1.2210257672301,1.6565069864123,2.405926105295,2.516946574449,2.4463968303961,2.510823728648,4,3,4,4,4,4,4,43,7,methodik,0.4274464859803,1,5.888321421597,2026-03-31T03:42:34,18,6,1,27.305175677094073
168,107,10,0,2025-11-06T15:35:00,2025-11-06,1,1,1,1,1,1,1,1,3,1,1,1,1,1,1,1,"5,3,28,22,27,1,6,10,23,18,8,14,13,16,26,25,2,11,20",,650,1,2025-11-06,5,0.375087193362424,0.049583844802211605,0.1022968405553244,0.223447068620818,0.28317161871543595,0.239349681201002,0.149232066746632,0.08483855191636389,0.025495896745897962,0.054839955161218826,0.08962256689370103,0.07362798918190921,0.1600108230874981,0.14827142946523453,3.395294407617,0.3279418846507397,0.7979393538683398,2,158,1,0,0.4203804582296,0.10475536950786,0.25246070648679,0.41263193809134,0.41884022888482,0.43154055802919,0.4654537379475,2.4121517874781,0.60108848272941,1.4486247695355,2.3676906182303,2.4033139195554,2.4761886715744,2.6707832012619,5,2,4,5,5,5,5,39,7,regulation,0.4654537379475,1,5.7380107387296,2026-03-31T03:42:34,19,5,1,27.090673305388496
68,23,9,7,2025-09-25T15:35:00,2025-09-25,3,1,2,5,2,0,1,2,1,3,0,0,2,2,1,2,"17,5,3,28,22,15,23,18,19,8,16,26,25,12,24,11,20",,549,1,2025-09-25,2,0.48638546275777,0.23905687899578,0.1128433897243125,0.365983760689305,0.416430705657565,0.431856982291515,0.421159631266605,0.00021797450552036383,0.015647440119145282,0.0042778316182786255,0.0005831030910576751,0.0011170902251400273,8.594713451739337e-06,0.00045617329336835943,4.33252055006895,0.08908413799175019,0.14935932366599036,1,145,1,0,0.42930489416242,0.26080318614491,0.21471155957381,0.39852843289668,0.42698599897979,0.42213575451455,0.42688868794763,2.4888364519809,1.511970828417,1.2447609225876,2.3104141239276,2.4753929740767,2.4472743446592,2.474828826667,4,2,4,4,4,4,4,29,7,kognition,0.42930489416242,1,5.7973533327351,2026-03-31T03:42:34,17,8,-1,26.154676431668694
171,55,10,7,2025-11-06T15:35:00,2025-11-06,1,1,1,2,1,1,1,1,2,1,1,1,1,1,1,1,"5,3,28,22,27,1,6,10,23,18,9,13,16,26,24,2,11,20",,650,1,2025-11-06,5,0.375087193362424,0.049583844802211605,0.1022968405553244,0.223447068620818,0.28317161871543595,0.239349681201002,0.149232066746632,0.08483855191636389,0.025495896745897962,0.054839955161218826,0.08962256689370103,0.07362798918190921,0.1600108230874981,0.14827142946523453,3.395294407617,0.3279418846507397,0.7979393538683398,2,158,1,0,0.4203804582296,0.10475536950786,0.25246070648679,0.41263193809134,0.41884022888482,0.43154055802919,0.4654537379475,2.4121517874781,0.60108848272941,1.4486247695355,2.3676906182303,2.4033139195554,2.4761886715744,2.6707832012619,5,2,4,5,5,5,5,39,7,regulation,0.4654537379475,1,5.7380107387296,2026-03-31T03:42:34,18,5,1,26.090673305388496
61,21,10,5,2025-09-24T15:35:00,2025-09-24,1,1,1,1,2,1,1,1,1,1,1,1,1,1,1,1,"28,22,27,1,6,10,23,18,4,8,14,13,26,25,12,24,2,20",,661,1,2025-09-24,4,0.5498718857507601,0.0479900310250665,0.2098790057466775,0.294055341185625,0.42848368326433,0.503071967563775,0.32951791808468756,0.0044388028490378335,0.0012202828288861234,0.003343679986591968,0.0018208602947209385,0.0029331848049924765,0.004080346650866137,0.0017152807832922798,3.395407432660075,0.3651411752402059,0.13983003324889742,2,168,1,0,0.43187694210552,0.045931368541293,0.34704158229303,0.40183622868501,0.43071804630455,0.43116650374923,0.3975378426995,2.484911628271,0.26427757692786,1.9967902410563,2.312064896199,2.4782436324347,2.480823944117,2.2873330610932,5,1,5,5,5,5,5,47,7,kognition,0.43187694210552,1,5.7537392419863,2026-03-31T03:42:34,18,5,1,25.146709854313503
149,49,9,7,2025-10-30T15:35:00,2025-10-30,1,1,1,1,1,1,1,1,2,2,1,2,1,2,2,1,"5,3,28,1,6,10,23,4,8,14,13,7,16,26,25,12,2",,544,1,2025-10-30,5,0.291373436076606,0.1385479410694884,0.12290628614508899,0.275870415411832,0.271124399645136,0.21664428813152597,0.3102836002853814,0.07968310394730596,0.010673891078824344,0.03905094973164617,0.08497646727453574,0.04880807409170933,0.30355367687705725,0.021223770860286924,3.3402770204636196,0.9263388825968919,0.7667919756109643,4,141,1,0,0.41450240812885,0.15775858425599,0.23603703957903,0.41825853196668,0.4056327639105,0.50597948959492,0.38998720930944,2.680554390678,1.0202123254326,1.526432923906,2.7048449473744,2.6231951008718,3.272129463733,2.5220165328876,5,3,4,5,5,5,5,43,7,performanz,0.50597948959492,1,6.4669111519871,2026-03-31T03:42:34,17,2,1,23.91204316347743
150,49,10,7,2025-10-30T15:35:00,2025-10-30,1,1,1,1,1,1,1,1,1,1,1,1,1,1,1,1,"5,3,28,1,6,10,23,4,9,8,14,13,7,26,12,24,2,11",,652,1,2025-10-30,5,0.43070114766966194,0.1731399937901204,0.23179610929452604,0.42098342093278796,0.36601670520639595,0.47779222825240397,0.394568204664702,0.005536284599523761,0.0076568269115292725,0.007642126959605691,0.0033946326453673853,0.005221062229033643,0.001559472685791137,0.004609489081798394,4.08783958692864,0.5180193463099425,0.18873233722033247,4,160,1,0,0.3972199399828,0.30036103209341,0.34768785753227,0.39821347220981,0.39533981120376,0.39847292316951,0.39681382668055,2.40441279211,1.8181159481773,2.1045900473881,2.4104267439678,2.3930321809369,2.4119972270771,2.4019545468894,5,4,5,5,5,5,5,44,7,performanz,0.39847292316951,1,6.0530919470324,2026-03-31T03:42:34,18,1,1,23.204378585907104
139,46,9,4,2025-10-28T17:10:00,2025-10-28,2,2,2,3,3,3,2,2,2,2,2,2,3,3,2,2,"17,5,22,27,1,15,6,8,14,16,25,24,2,20",,545,1,2025-10-28,3,0.16775194154117667,0.14089409801331518,-0.07678073801816666,0.18479820819277334,0.1690114774113133,0.06746034069016997,0.32850027801798565,0.08476902420808143,0.01642349728506715,0.013362468107909678,0.11040697246536435,0.047116969679153194,0.4565582665634674,0.042289823861978305,2.877395346750133,0.5442720385122358,0.8780244997555714,1,142,1,0,0.38075207974513,0.24723658335294,0.11330709353861,0.42379126620982,0.34074619310465,0.55211593342318,0.42487742834192,2.1213625867618,1.3774801659779,0.63129117826074,2.3611556825526,1.898469539858,3.0761173661954,2.3672072416451,4,3,4,4,4,4,4,29,7,performanz,0.55211593342318,1,5.5714962362412,2026-03-31T03:42:34,14,7,0,23.044083764190823
37,12,10,5,2025-09-17T15:35:00,2025-09-17,1,1,2,3,1,1,3,2,1,1,1,1,2,1,1,1,"28,22,6,23,18,9,8,14,26,25,12,24,2,11,20",,663,1,2025-09-17,4,0.5463409379918925,0.16516865863333124,0.20125857871026476,0.3359718640701475,0.4440509121677025,0.41267089569447246,0.326900504781395,0.002029440590300088,0.01799609410572916,0.015139001494214502,0.0042508638038463616,0.001908809253373643,0.002207457716013436,0.0029691670075002352,3.758988700038425,0.7140696126274463,0.2156405202437089,1,170,1,0,0.4343228902273,0.20984523470514,0.28908681442931,0.39482064005968,0.43091598459551,0.42714733153466,0.39965889920385,2.542818148848,1.2285750607762,1.6925085342354,2.3115454231715,2.5228718331762,2.5008076048901,2.3398718444526,4,2,4,4,4,4,4,37,7,kognition,0.4343228902273,1,5.8546621944983,2026-03-31T03:42:34,15,5,1,21.23799955254927
18,6,9,7,2025-09-11T15:35:00,2025-09-11,2,1,1,2,2,1,2,2,2,3,2,2,1,2,2,2,"5,22,27,1,6,10,23,18,4,9,14,13,7,16,26",,553,1,2025-09-11,5,0.451909240559888,0.1591093326358814,0.16012293651962423,0.40819516814037804,0.34504507467934,0.492529391097836,0.41833617645738597,0.001502046182688233,0.015384004846222335,0.0066713997030360545,0.006186041966033381,0.0016113060928556033,0.006822664031117835,0.0033689417868157613,3.0537503740514795,0.5139033003359962,0.20382935168608374,3,148,1,0,0.420559588558,0.25730898306118,0.24134250470237,0.41960804870743,0.40192441991309,0.43193641761969,0.41771864252709,2.4536076913824,1.5011791838236,1.4080283553292,2.4480562652361,2.3448873236596,2.5199818177815,2.4370331863137,5,3,5,5,5,5,5,42,7,performanz,0.43193641761969,1,5.8341399234276,2026-03-31T03:42:34,15,3,1,21.22005573514197
240,75,10,5,2025-11-26T15:35:00,2025-11-26,1,1,1,3,1,2,2,1,2,1,1,1,1,1,1,1,"28,22,27,1,6,18,8,14,16,26,25,24,2,11",,1099,1,2025-11-26,4,0.51172000485676,0.1129429917376345,0.1664764034882645,0.3612629047887825,0.39552368340948496,0.4375562645490225,0.43719639440235997,0.003850595125580103,0.0044630156300067515,0.010589267126727857,0.002682033161079569,0.0005204018301799096,0.0002775901498850624,0.005738003108488015,3.928706740141525,0.4997459825549954,0.16769289231195003,2,294,1,0,0.42478757876429,0.17557240572121,0.29987554509991,0.40977554091039,0.42048975956275,0.42194366119117,0.41956759190244,2.4614585854514,1.0173654481329,1.7376478785004,2.3744703793271,2.4365545993153,2.444979324577,2.4312110402798,5,2,5,5,5,5,5,38,7,kognition,0.42478757876429,1,5.7945534677262,2026-03-31T03:42:35,14,5,1,21.186702195708246
204,64,5,6,2025-11-12T17:10:00,2025-11-12,1,1,2,2,1,2,3,3,3,1,1,2,2,2,0,0,"5,3,28,1,15,6,10,23,4,8,14,13,7,26,12,2",,1333,1,2025-11-12,5,0.31844470318801,0.10577661691171761,0.125132405350948,0.25015703349248597,0.22988707112940338,0.238269579469836,0.1568013311795858,0.10300399046974482,0.030493020549932127,0.05038254933255761,0.12601652568257599,0.06423510642735918,0.18247629180026267,0.11834635192912246,3.2282630779516603,0.8298583482237875,0.8215557413782433,3,399,1,0,0.44100333646346,0.1300646045029,0.2267861821115,0.40309151786909,0.43557844254549,0.44307550182568,0.43432313323319,2.5582303139678,0.75449591080618,1.3155711939035,2.33830643683,2.5267608738899,2.5702508040795,2.5194789100801,5,3,5,5,5,5,5,46,7,performanz,0.44307550182568,1,5.8009218806589,2026-03-31T03:42:35,16,1,1,21.1163011683225
93,30,10,5,2025-10-01T15:35:00,2025-10-01,1,1,1,3,1,1,1,1,1,1,1,1,1,1,1,1,"3,28,22,27,1,10,23,18,9,14,16,26,25,2",,658,1,2025-10-01,4,0.44857685454362,0.17956201216744175,0.20812762102844626,0.39602488210337,0.35186967609061753,0.47451960370376,0.3800124606321575,0.006754231135705114,0.01334982998564586,0.01683918310817624,0.005453619700739683,0.008502180381918925,0.002220102217820398,0.01986717080068956,3.4991276659621,1.2520250939064355,0.27015979961995784,2,166,1,0,0.41936193254158,0.21826291310355,0.27543454075334,0.41081658755045,0.41822427850374,0.41194329607111,0.43272414809604,2.4662535231896,1.2835969043754,1.6198213376787,2.4159986346175,2.4595630177783,2.4226247698078,2.544836266714,5,3,5,5,5,5,5,46,7,regulation,0.43272414809604,1,5.8809566109717,2026-03-31T03:42:34,14,4,1,20.312319773229564
98,32,10,7,2025-10-02T15:35:00,2025-10-02,1,1,3,3,1,1,1,1,3,2,1,1,1,1,1,1,"5,22,27,1,10,23,18,9,8,14,13,25,2,20",,657,1,2025-10-02,4,0.5197677266445825,0.1316407824599795,0.15885957267968376,0.373905704985205,0.422788691606465,0.43772352534899,0.38074851733302495,0.004944237475227965,0.00911773777431086,0.006005600442816095,0.00607976455856919,0.004691463115611231,0.0002898443111218768,0.0010147440197805094,3.82678476531705,0.6647312583801631,0.17928578219545946,2,165,1,0,0.42232471205671,0.23220466953253,0.28431633643705,0.4054764484674,0.41975360648869,0.41783518292499,0.41435878258888,2.5073819127367,1.378621169487,1.6880130835965,2.4073521721632,2.492117014868,2.4807271520273,2.4600874331679,5,3,5,5,5,5,5,37,7,kognition,0.42232471205671,1,5.9370849441388,2026-03-31T03:42:34,14,4,1,20.192385891216624
43,14,10,7,2025-09-18T15:35:00,2025-09-18,1,1,1,2,1,1,3,1,1,1,2,2,1,1,1,1,"22,27,1,6,10,23,18,8,14,13,26,25,24,2",,662,1,2025-09-18,5,0.512127012074882,0.0792794417363826,0.15291107926544698,0.36553490623856594,0.43900415772192,0.458043373721276,0.38666655958392404,0.0027928342441873506,0.003984307227526485,0.005993531120965084,0.001975046281502539,0.0008438711241220394,0.001317203494616182,0.005492264388703897,4.31709168933226,0.31928940418763574,0.1496631480412716,2,169,1,0,0.42829925418172,0.11323890311166,0.25713198964135,0.4283432821955,0.42874131380082,0.42856726603078,0.4320293832703,2.4696427265174,0.65295381838293,1.4826646130541,2.4698965991612,2.4721917137322,2.4711881261584,2.4911512537507,5,1,4,5,5,5,5,47,7,regulation,0.4320293832703,1,5.7661516320947,2026-03-31T03:42:34,14,4,1,20.163123989832442
261,80,9,4,2025-12-02T17:10:00,2025-12-02,1,3,2,2,3,2,4,1,1,2,2,3,1,2,2,1,"17,5,28,22,27,1,15,6,23,4,21",,1408,1,2025-12-02,4,0.424104123203415,0.1759615344637985,0.214626296104295,0.416517025126185,0.32515048314223427,0.448827472842055,0.40096411599087245,0.03143829351052932,0.013760034779220371,0.006880607383496945,0.020610090559263036,0.02135649985079802,0.00040501910875350783,0.007223938981581411,3.31752969204525,1.047818848431968,0.3188643664219046,4,436,1,0,0.4242201744442,0.20813865776626,0.31283263793185,0.40614309683092,0.41373837111883,0.41994569470089,0.40787479412268,2.4995536957648,1.2263767321599,1.8432456149047,2.3930414908323,2.4377937139946,2.474367973153,2.4032448489616,5,3,5,5,5,5,5,38,7,kognition,0.4242201744442,1,5.8921041575589,2026-03-31T03:42:35,11,4,1,19.353579003346248
309,91,10,7,2025-12-11T15:35:00,2025-12-11,1,1,2,3,1,1,2,1,2,1,1,1,1,1,1,1,"3,28,22,27,16,26,25,24,2,11,20",,1093,1,2025-12-11,4,0.4310304942801175,0.24917139854201,0.289493542849675,0.38817669949753997,0.35900722001648255,0.392392854995315,0.42902259622326255,0.0071845117450419285,0.013732250456697993,0.01299190600196648,0.006064525752199438,0.0029434265823873196,0.002206898331325272,0.00559146812003673,4.063426377742375,0.32681549634225837,0.22519988230382174,3,289,1,0,0.39629956828411,0.31689383680592,0.35166471709951,0.38531127909766,0.39362716606778,0.39943943330881,0.39483486740064,2.3916268375299,1.9124214745789,2.1222601348498,2.3253136506884,2.3754991670182,2.4105755976606,2.3827875194428,5,4,5,5,5,5,5,44,7,performanz,0.39943943330881,1,6.0348863989165,2026-03-31T03:42:35,11,5,1,19.249847782178023
295,89,10,5,2025-12-10T15:35:00,2025-12-10,1,1,2,3,1,1,2,1,2,1,1,1,1,1,1,1,"22,1,15,6,18,4,8,16,26,25,24,20",,1094,1,2025-12-10,5,0.451797028219434,0.1069402722819798,0.203187992250986,0.37260562421737004,0.364540364421426,0.5072244824755361,0.43602308258221595,0.004665244370794065,0.0030125708278096346,0.0033752767227301778,0.00200027621444535,0.0014952136552431586,0.0073458918640891754,0.0021405445016013575,3.72936262306766,0.3725232065880274,0.1550323132663411,2,290,1,0,0.40683173652774,0.21784785632055,0.34981678617498,0.41041943435947,0.40200507522224,0.41071299632012,0.40733004918912,2.4369643246988,1.3049312686281,2.095438854808,2.4584550070589,2.4080521225454,2.4602134736704,2.4399492692577,5,4,5,5,5,5,5,56,7,performanz,0.41071299632012,1,5.9900937846703,2026-03-31T03:42:35,12,5,-1,19.162548410705117
260,80,5,4,2025-12-02T17:10:00,2025-12-02,1,2,1,1,1,0,0,0,3,1,0,0,0,2,0,0,"5,3,28,27,1,6,23,4,9,8,14,13,7,12,2",,1329,1,2025-12-02,3,0.27883087234763,0.16927362348709732,0.15297452698849334,0.44187688120505,0.23861515478799933,0.45890757508935337,0.42960622137395,0.0800380138695528,0.011849881653997432,0.054002138448607774,0.005855151396849782,0.04506041161137331,0.0033770853665505904,0.02265483276335103,2.8585905827968503,1.431713928361226,0.47205668633150694,3,395,1,0,0.43206864665404,0.21642154938386,0.30251857050352,0.40430932883112,0.38982950352716,0.45542569321378,0.39001549989843,2.7134506338535,1.3591571499179,1.8998583054848,2.5391182930895,2.4481829950683,2.8601361045149,2.4493510779075,5,2,4,5,5,5,5,38,7,performanz,0.45542569321378,1,6.2801277856659,2026-03-31T03:42:35,15,0,1,18.554568808940317
175,56,16,8,2025-11-06T17:10:00,2025-11-06,1,1,1,1,1,1,2,1,2,1,1,1,1,1,1,1,"5,28,27,1,6,10,23,4,9,8,14,13,7,12,2",,74,1,2025-11-06,4,0.480692516712415,0.059172108180679,0.134700222385518,0.33959337955539004,0.4161660364265875,0.486667915146035,0.4416152212426675,0.0026318795777391032,0.00343306201704496,0.005140439415973437,0.00155311882288088,0.0021112630874524745,0.006570965218211912,0.005455164320919683,3.5340062905601,0.630671096755509,0.16399967213449682,3,16,1,0,0.44483633510626,0.060344715726033,0.20252566987845,0.41995022144696,0.4392622812818,0.43974581472783,0.4413310221195,2.5343979324172,0.34380627367554,1.1538640135563,2.3926124935345,2.5026404760833,2.5053953458391,2.5144268615199,4,1,3,4,4,4,4,41,7,kognition,0.44483633510626,1,5.6973616677435,2026-03-31T03:42:34,15,0,1,18.17614839469427
70,23,10,7,2025-09-25T15:35:00,2025-09-25,1,1,1,3,1,1,1,1,1,1,1,2,2,1,1,1,"28,22,27,1,23,18,14,13,25,2,20",,660,1,2025-09-25,4,0.47937162528668253,0.07571758889623599,0.17275785245167674,0.409655738295125,0.3900436684527625,0.47146152327010504,0.40824457273591996,0.0040748930927181235,0.006265660476910611,0.004538423029882621,0.0049349501337507,0.002284167424422625,0.00168605490166424,0.001943576924040603,3.9047615421746746,0.49960261394293776,0.16039864707468554,3,167,1,0,0.42386486579459,0.14143188939675,0.3073977393959,0.41772681086931,0.42227883219351,0.42521790021893,0.41498607917362,2.4810549724627,0.82785887854798,1.799325094856,2.4451264185235,2.4717712670414,2.4889748381022,2.4290837913785,5,1,5,5,5,5,5,44,7,performanz,0.42521790021893,1,5.8534003028605,2026-03-31T03:42:34,11,4,1,18.17181559716236
301,90,5,6,2025-12-10T17:10:00,2025-12-10,2,0,1,1,0,0,1,0,3,2,2,1,3,2,1,1,"5,1,6,10,23,4,8,14,13,7,12,24,11",,1328,1,2025-12-10,4,0.45280275141216,0.22800326610710026,0.26844644145107,0.4077806182816675,0.385071337986365,0.3725446702750425,0.3080541386060977,0.006783932467891938,0.03997804824784904,0.020821535498190172,0.009852308444684973,0.019284451563298943,0.008555137522579062,0.01738447731672164,2.8576778178646998,1.3678239529560812,0.35022834131637004,3,394,1,0,0.42446246519315,0.18828707189018,0.25797804058718,0.39748697815101,0.4261230208276,0.4422246339129,0.42741574752667,2.5340840416909,1.1240929487522,1.5401551123282,2.3730376433969,2.5439977275375,2.6401259935465,2.5517154372692,5,2,4,5,5,5,5,42,7,performanz,0.4422246339129,1,5.9700915978827,2026-03-31T03:42:35,13,1,1,17.398286662575966
166,54,5,4,2025-11-04T17:10:00,2025-11-04,1,1,2,1,1,2,1,0,2,1,0,4,0,4,2,0,"5,15,6,10,23,9,8,14,13,7,12,24",,417,1,2025-11-04,4,0.50141977240076,0.16015391282907,0.2240179080838555,0.37666646407772997,0.4242030219554175,0.4271091191125475,0.29827007986029724,0.014405733911638777,0.014672898683515685,0.020338852291239502,0.00688841258710602,0.002441997552264278,0.0016139154749350744,0.019164603586807896,3.7529152348345747,0.48779786863995084,0.2820042802645152,3,98,1,0,0.42208929046981,0.24145110629158,0.33630900424878,0.39971635956541,0.41275270673986,0.41220971906891,0.38778864270311,2.4836995243347,1.4207704658391,1.9789426852135,2.3520505128581,2.4287602754778,2.4255651737528,2.2818642623036,5,2,4,5,5,5,5,40,7,kognition,0.42208929046981,1,5.8842888448492,2026-03-31T03:42:34,12,2,1,17.328396148729666
