Nr.,Name,Inhalt,Typstruktur
A1,Ursprungsaxiom,Existenz eines leeren semantischen Feldes,σ: ∅ → Σ
A2,Symbolaxiom,Symbolische Struktur erzeugt Bedeutung,S: Σ → Σ_S
A3,Diskursaxiom,Bedeutung wird durch Diskurs verändert,D: Σ_S × C → Σ_D
A4,Reflexionsaxiom,Metareflexion modifiziert Bedeutung,M: Σ_D → Σ_M
A5,Rekursionsaxiom,Zugriff auf frühere Systemzustände,R: Σ_M × t → Σ_M′
A6,Emergenzaxiom,Emergente Kohärenz im System,E: Σ_M′ → I(t)
A7,Akteuraxiom,Nur vollständige Operatoren ergeben Handlungsfähigkeit,A: System{σ…E} ↦ Agent
A8,Brane-Axiom,Semantisches Feld ist im Raum referenzierbar,"Ψ(x,y,z,t) ⊆ R⁴"
A9,Meta-Axiom,System beschreibt sich selbst als intentional,Meta: I(t) ↦ I′(t)
